<?xml version="1.0" encoding="UTF-8"?>
<!DOCTYPE device SYSTEM "hpzscw71.dtd">
<device>
   <software>
      <file_header>
         <file_name>hpd1400t.xml</file_name>
         <file_version>073.24600</file_version>
         <file_timestamp>02/12/2008</file_timestamp>
      </file_header>
      <component>
         <name>Mombi</name>
         <helper>
            <name></name>

            <events>
                <!--    =========================================    -->
                <!--                DMCInstallTime                   -->
                <!--     called during DMC Install Time (Import)     -->
                <!--    =========================================    -->

                <event>
                    <name>DMCInstallTime</name>
                    <macro_name>macro_PrintQualityImport</macro_name>
                </event>

                <!--    =========================================    -->
                <!--                DMCUpgradeTime                   -->
                <!--     called during DMC Upgrade Time (Export)     -->
                <!--    =========================================    -->

                <event>
                    <name>DMCUpgradeTime</name>
                    <macro_name>macro_PrintQualityExport</macro_name>
                </event>

            </events>
        
            <!-- put a name if we have multiple helpers-->
            <features>
            <feature>
                  <name>HPPhotoFix</name>
                  <macro_name>macro_HPPhotoFix</macro_name>
            </feature>

            <!-- ========================================= -->
            <!--     Emulate LaserJet Margins              -->
            <!-- ========================================= -->
                <feature>
                <name>HP_Emulate_Margins</name>
                <switch>
                <name>Paper_Dimensions</name>
                <case_default>
                      <data>200_200_200_200</data>
               </case_default>
               </switch>
               </feature>
            <!--  Features are Paper size, Media Type and Print Quality -->
             <!-- =========================================== -->
             <!--                  Paper Size                 -->
             <!-- =========================================== -->
             <feature>
                 <name>PaperSize</name>
                 <macro_name>macro_PaperSize</macro_name>
             </feature>
               <!-- ========================================= -->
               <!--                 MediaType                 -->
               <!-- ========================================= -->
               <feature>
                  <name>MediaType</name>
                  <macro_name>macro_MediaType</macro_name>
               </feature>
               <!-- ========================================= -->
               <!--           Print Quality Group             -->
               <!--   Options are as follows                  -->
               <!--   (a) PQGroup_1 - Best                    -->
               <!--   (b) PQGroup_2 - Normal                  -->
               <!--   (c) PQGroup_3 - FastDraft                    -->
               <!--   (d) PQGroup_4 - Fast Normal             -->
               <!--   (e) PQGroup_5 - 4800x1200             -->
               <!-- ========================================= -->
               <feature>
                  <name>PrintQualityGroup</name>
                  <macro_name>macro_PrintQualityGroup</macro_name>
               </feature>
                 <feature>
                 <name>Resolution</name>
                  <macro_name>macro_resolution</macro_name>
                 </feature>
 
              <feature>
                <name>CustomSize</name>
                <macro_name>macro_custom_size</macro_name>            
              </feature> 
            </features>
            <macros>
            
              <macro>
                  <name>macro_HPPhotoFix</name>
                         <switch>
                            <name>HPPhotoFix</name>
                                <case>
                                    <name>OFF</name>
                                    
                                    <select_option>HPSmartFocus.Off</select_option>
                                    <select_option>HPContrast.On</select_option>
                                    <select_option>HPDigitalFlash.On</select_option>
                                    <select_option>HPSharpness.On</select_option>
                                    <select_option>HPSmoothing.On</select_option>
                                </case>
                                <case>
                                    <name>BASIC</name>
                                    
                                    <select_option>HPSmartFocus.On</select_option>
                                    <select_option>HPContrast.On</select_option>
                                    <select_option>HPDigitalFlash.On</select_option>
                                    <select_option>HPSharpness.Low</select_option>
                                    <select_option>HPSmoothing.On</select_option>
                                </case>
                                <case>
                                    <name>FULL</name>
                                    
                                    <select_option>HPSmartFocus.On</select_option>
                                    <select_option>HPContrast.Off</select_option>
                                    <select_option>HPDigitalFlash.Off</select_option>
                                    <select_option>HPSharpness.Off</select_option>
                                    <select_option>HPSmoothing.On</select_option>
                                </case>
                    </switch>
         </macro>

                       <macro>
                  <name>macro_Resolution</name>
                  <switch>
                     <name>Resolution</name>
                     <case>
                        <name>300dpi</name>  
                        <select_option>PrintQualityGroup.PQGroup_3</select_option>  
                        <select_option>PrintQuality.FastDraft</select_option>                        
                    </case>
                    <case>
                        <name>600dpi</name>                    
                          <select_option>PrintQualityGroup.PQGroup_1</select_option> 
                          <select_option>PrintQuality.Best</select_option>                         
                    </case>
                    <case>
                       <name>1200dpi</name>                     
                        <select_option>PrintQualityGroup.PQGroup_5</select_option>  
                        <select_option>PrintQuality.4800x1200</select_option>                       
                    </case>

                    </switch>
                  <call>macro_PQ_PhotoFix</call>
               </macro>

            <macro>
               <name>macro_pop_up_4800_1200_warning</name>
               <title>3434</title>
               <string_id>5328</string_id>
              <checkbox_present>TRUE</checkbox_present>
               <butt1>6420</butt1>
               <showpopup>MODAL_DLG</showpopup>
            </macro>



             
              <macro>
            <name>macro_pop_up_Borderless_BlkCartridge</name>
              <title>4328</title>                   
              <string_id>4329</string_id>    
              <butt1>849</butt1>                                                                
              <showpopup>MODAL_DLG</showpopup>                     
            </macro>
            
            
            <macro>
            <name>macro_PaperSize</name>
            <switch>
              <name>PaperSize</name>
               <case>
                  <name> HP_BORDERLESS_10_X_20_CM_WT</name>
                  <select_option>MediaType.HP_PREMIUM_PLUS_PHOTO_PAPER</select_option>
               </case>  

                
             
             
             <case>
                  <name>HP_BORDERLESS_PHOTO_10_X_15_CM_WT</name>
                  <select_option>MediaType.HP_PREMIUM_PLUS_PHOTO_PAPER</select_option>
               </case>      
               <case>
                  <name>HP_BORDERLESS_PHOTO_4_X_6_IN_WT</name>
                  <select_option>MediaType.HP_PREMIUM_PLUS_PHOTO_PAPER</select_option>
               </case>  
                <case>
                  <name>B5</name>
                  <select_option>MediaType.PLAIN</select_option>
                </case>
                <case>
                  <name>HAGAKI_CARD</name>
                  <select_option>MediaType.OTHER_INKJET_PAPERS</select_option>
                </case>
               
               <case>
                  <name>HP_BORDERLESS_4_x_8_IN_WT</name>
                  <select_option>MediaType.HP_PREMIUM_PLUS_PHOTO_PAPER</select_option>
               </case>
               <case>
                  <name>10_X_15_CM</name>
                  <select_option>MediaType.HP_PREMIUM_PLUS_PHOTO_PAPER</select_option>
               </case>
               <case>
                  <name>10_X_15_CM_WT</name>
                  <select_option>MediaType.HP_PREMIUM_PLUS_PHOTO_PAPER</select_option>
              </case>
              <case>
                <name>E_SIZE</name>
                <select_option>MediaType.PLAIN</select_option>
              </case>
              <case>
                <name>CABINET</name>
                <select_option>MediaType.PLAIN</select_option>
              </case>
               <case>
                  <name>4_X_6_IN</name>
                  <select_option>MediaType.HP_PREMIUM_PLUS_PHOTO_PAPER</select_option>
               </case>
               <case>
                  <name>4_X_6_IN_WT</name>
                  <select_option>MediaType.HP_PREMIUM_PLUS_PHOTO_PAPER</select_option>
               </case>
               <case>
                  <name>4_X_8_IN_WT</name>
                  <select_option>MediaType.HP_PREMIUM_PLUS_PHOTO_PAPER</select_option>
               </case>
               <case>
                  <name>5_X_7_IN</name>
                  <select_option>MediaType.HP_PREMIUM_PLUS_PHOTO_PAPER</select_option>
               </case>
               <case>
                  <name>8_X_10_IN</name>
                  <select_option>MediaType.HP_PREMIUM_PLUS_PHOTO_PAPER</select_option>
               </case>
               <case>
                  <name>13_X_18_IN</name>
                  <select_option>MediaType.HP_PREMIUM_PLUS_PHOTO_PAPER</select_option>
               </case>
               <case>
                  <name>10_X_20_TAB</name>
                  <select_option>MediaType.HP_PREMIUM_PLUS_PHOTO_PAPER</select_option>
               </case>
              <case>
                <name>LETTER</name>
                <select_option>MediaType.PLAIN</select_option>
              </case>
              <case>
                <name>LEGAL</name>
                <select_option>MediaType.PLAIN</select_option>
              </case>
              <case>
                <name>A5</name>
                <select_option>MediaType.PLAIN</select_option>
              </case>
              <case>
                <name>A4</name>
                <select_option>MediaType.PLAIN</select_option>
              </case>
              <case>
                <name>EXECUTIVE</name>
                <select_option>MediaType.PLAIN</select_option>
              </case>
              <case>
                <name>HP_BORDERLESS_PHOTO_PANORAMA_10x25</name>
                <select_option>MediaType.HP_PREMIUM_PLUS_PHOTO_PAPER</select_option>
              </case>
              <case>
                <name>HP_BORDERLESS_PHOTO_PANORAMA_10x30</name>
                <select_option>MediaType.HP_PREMIUM_PLUS_PHOTO_PAPER</select_option>
              </case>
              <case>
                <name>HP_BORDERLESS_PHOTO_PANORAMA_4x10</name>
                <select_option>MediaType.HP_PREMIUM_PLUS_PHOTO_PAPER</select_option>
              </case>
              <case>
                <name>HP_BORDERLESS_PHOTO_PANORAMA_4x12</name>
                <select_option>MediaType.HP_PREMIUM_PLUS_PHOTO_PAPER</select_option>
              </case>
              <case>
                <name>HP_BORDERLESS_HAGAKI_CARD_100x148</name>
                <select_option>MediaType.HP_PREMIUM_PLUS_PHOTO_PAPER</select_option>
              </case>
             
              
              
               <case_default>
                 <select_option>MediaType.PLAIN</select_option>
               </case_default>
            </switch>
              <call>macro_MediaType</call>
          </macro>
          <macro>
            <name>macro_Mediatype_to_PaperSize</name>
                 <select_option>PaperSize.LETTER</select_option>
          </macro>
          <macro>
            <name>macro_custom_paper_size</name>
            <select_option>MediaType.PLAIN</select_option>
          </macro>
               <!-- ========================================= -->
               <!--                 MediaType                 -->
               <!-- ========================================= -->
           <macro>
              <name>macro_MediaType</name>
              <!-- ========================================= -->
              <!-- First macro statement                     -->
              <!-- determines which PQ options are           -->
              <!-- displayed for each media type, and        -->
              <!-- select a default PQ option                -->
              <!-- ========================================= -->
          <switch>
            <name>MediaType</name>
              
              <case>
                <name>PLAIN</name>
                <enable_option>PrintQualityGroup.PQGroup_1</enable_option>
                <enable_option>PrintQualityGroup.PQGroup_2</enable_option>
                <enable_option>PrintQualityGroup.PQGroup_3</enable_option>
                  <switch>
                      <name>HPMaxDpi</name>
                      <case>
                          <name>False</name>
                          <hide_option>PrintQualityGroup.PQGroup_5</hide_option>
                      </case>
                      <case>
                          <name>True</name>
                          <enable_option>PrintQualityGroup.PQGroup_5</enable_option>
                      </case>
                  </switch>
                  <select_option>PrintQualityGroup.PQGroup_2</select_option>
              </case>

              <case>
                  <name>HP_BRIGHT_WHITE_INKJET_PAPER</name>
                  <enable_option>PrintQualityGroup.PQGroup_1</enable_option>
                  <enable_option>PrintQualityGroup.PQGroup_2</enable_option>
                  <enable_option>PrintQualityGroup.PQGroup_3</enable_option>
                  <switch>
                      <name>HPMaxDpi</name>
                      <case>
                          <name>False</name>
                          <hide_option>PrintQualityGroup.PQGroup_5</hide_option>
                      </case>
                      <case>
                          <name>True</name>
                          <enable_option>PrintQualityGroup.PQGroup_5</enable_option>
                      </case>
                  </switch>
                <select_option>PrintQualityGroup.PQGroup_2</select_option>
              </case>
              <case>
                <name>HP_PREM_INKJET_PAPER</name>
                <enable_option>PrintQualityGroup.PQGroup_1</enable_option>
                <enable_option>PrintQualityGroup.PQGroup_2</enable_option>
                <enable_option>PrintQualityGroup.PQGroup_3</enable_option>
                  <switch>
                      <name>HPMaxDpi</name>
                      <case>
                          <name>False</name>
                          <hide_option>PrintQualityGroup.PQGroup_5</hide_option>
                      </case>
                      <case>
                          <name>True</name>
                          <enable_option>PrintQualityGroup.PQGroup_5</enable_option>
                      </case>
                  </switch>
                  <select_option>PrintQualityGroup.PQGroup_2</select_option>
              </case>
              <case>
                  <name>HP_PREM_INKJET_PRESENTATION_PAPER</name>
                  <enable_option>PrintQualityGroup.PQGroup_1</enable_option>
                  <enable_option>PrintQualityGroup.PQGroup_2</enable_option>
                  <enable_option>PrintQualityGroup.PQGroup_3</enable_option>
                  <switch>
                      <name>HPMaxDpi</name>
                      <case>
                          <name>False</name>
                          <hide_option>PrintQualityGroup.PQGroup_5</hide_option>
                      </case>
                      <case>
                          <name>True</name>
                          <enable_option>PrintQualityGroup.PQGroup_5</enable_option>
                      </case>
                  </switch>
                <select_option>PrintQualityGroup.PQGroup_2</select_option>
              </case>
              <case>
                <name>HP_PREMIUM_PLUS_PHOTO_PAPER</name>
                <enable_option>PrintQualityGroup.PQGroup_1</enable_option>
                <enable_option>PrintQualityGroup.PQGroup_2</enable_option>
                <enable_option>PrintQualityGroup.PQGroup_3</enable_option>
                  <switch>
                      <name>HPMaxDpi</name>
                      <case>
                          <name>False</name>
                          <hide_option>PrintQualityGroup.PQGroup_5</hide_option>
                      </case>
                      <case>
                          <name>True</name>
                          <enable_option>PrintQualityGroup.PQGroup_5</enable_option>
                      </case>
                  </switch>
                  <select_option>PrintQualityGroup.PQGroup_1</select_option>
              </case>
              <case>
                  <name>OTHER_INKJET_PAPERS</name>
                  <enable_option>PrintQualityGroup.PQGroup_1</enable_option>
                  <enable_option>PrintQualityGroup.PQGroup_2</enable_option>
                  <enable_option>PrintQualityGroup.PQGroup_3</enable_option>
                  <switch>
                      <name>HPMaxDpi</name>
                      <case>
                          <name>False</name>
                          <hide_option>PrintQualityGroup.PQGroup_5</hide_option>
                      </case>
                      <case>
                          <name>True</name>
                          <enable_option>PrintQualityGroup.PQGroup_5</enable_option>
                      </case>
                  </switch>
                <select_option>PrintQualityGroup.PQGroup_2</select_option>
              </case>
              <case>
                <name>HP_PREMIUM_PHOTO_PAPER</name>
                <enable_option>PrintQualityGroup.PQGroup_1</enable_option>
                <enable_option>PrintQualityGroup.PQGroup_2</enable_option>
                <enable_option>PrintQualityGroup.PQGroup_3</enable_option>
                  <switch>
                      <name>HPMaxDpi</name>
                      <case>
                          <name>False</name>
                          <hide_option>PrintQualityGroup.PQGroup_5</hide_option>
                      </case>
                      <case>
                          <name>True</name>
                          <enable_option>PrintQualityGroup.PQGroup_5</enable_option>
                      </case>
                  </switch>
                <select_option>PrintQualityGroup.PQGroup_1</select_option>
            </case>
              <case>
                <name>HP_ADVANCED_PHOTO_PAPER</name>
                <enable_option>PrintQualityGroup.PQGroup_1</enable_option>
                <enable_option>PrintQualityGroup.PQGroup_2</enable_option>
                <enable_option>PrintQualityGroup.PQGroup_3</enable_option>
                <switch>
                    <name>HPMaxDpi</name>
                    <case>
                        <name>False</name>
                        <hide_option>PrintQualityGroup.PQGroup_5</hide_option>
                    </case>
                    <case>
                        <name>True</name>
                        <enable_option>PrintQualityGroup.PQGroup_5</enable_option>
                    </case>
                </switch>
                <select_option>PrintQualityGroup.PQGroup_1</select_option>
              </case>
              
              <case>
                <name>HP_EVERYDAY_PHOTO_PAPER_SEMI_GLOSS</name>
                <enable_option>PrintQualityGroup.PQGroup_1</enable_option>
                <enable_option>PrintQualityGroup.PQGroup_2</enable_option>
                <enable_option>PrintQualityGroup.PQGroup_3</enable_option>
                  <switch>
                      <name>HPMaxDpi</name>
                      <case>
                          <name>False</name>
                          <hide_option>PrintQualityGroup.PQGroup_5</hide_option>
                      </case>
                      <case>
                          <name>True</name>
                          <enable_option>PrintQualityGroup.PQGroup_5</enable_option>
                      </case>
                  </switch>
                  <select_option>PrintQualityGroup.PQGroup_1</select_option>
              </case>
              <case>
                  <name>HP_EVERYDAY_PHOTO_PAPER_MATTE</name>
                  <enable_option>PrintQualityGroup.PQGroup_1</enable_option>
                  <enable_option>PrintQualityGroup.PQGroup_2</enable_option>
                  <enable_option>PrintQualityGroup.PQGroup_3</enable_option>
                  <switch>
                      <name>HPMaxDpi</name>
                      <case>
                          <name>False</name>
                          <hide_option>PrintQualityGroup.PQGroup_5</hide_option>
                      </case>
                      <case>
                          <name>True</name>
                          <enable_option>PrintQualityGroup.PQGroup_5</enable_option>
                      </case>
                  </switch>
                <select_option>PrintQualityGroup.PQGroup_1</select_option>
              </case>               
              <case>
                <name>OTHER_PHOTO_PAPER</name>
                <enable_option>PrintQualityGroup.PQGroup_1</enable_option>
                <enable_option>PrintQualityGroup.PQGroup_2</enable_option>
                <enable_option>PrintQualityGroup.PQGroup_3</enable_option>
                  <switch>
                      <name>HPMaxDpi</name>
                      <case>
                          <name>False</name>
                          <hide_option>PrintQualityGroup.PQGroup_5</hide_option>
                      </case>
                      <case>
                          <name>True</name>
                          <enable_option>PrintQualityGroup.PQGroup_5</enable_option>
                      </case>
                  </switch>
                <select_option>PrintQualityGroup.PQGroup_1</select_option>
              </case>  
              <case>
                <name>HP_PREMIUM_INKJET_TRANSPARENCY</name>
                <enable_option>PrintQualityGroup.PQGroup_1</enable_option>
                <enable_option>PrintQualityGroup.PQGroup_2</enable_option>
                <enable_option>PrintQualityGroup.PQGroup_3</enable_option>
                  <switch>
                      <name>HPMaxDpi</name>
                      <case>
                          <name>False</name>
                          <hide_option>PrintQualityGroup.PQGroup_5</hide_option>
                      </case>
                      <case>
                          <name>True</name>
                          <enable_option>PrintQualityGroup.PQGroup_5</enable_option>
                      </case>
                  </switch>
                <select_option>PrintQualityGroup.PQGroup_2</select_option>
              </case> 
              <case>
                <name>OTHER_TRANSPARENCY_FILMS</name>
                <enable_option>PrintQualityGroup.PQGroup_1</enable_option>
                <enable_option>PrintQualityGroup.PQGroup_2</enable_option>
                <enable_option>PrintQualityGroup.PQGroup_3</enable_option>
                  <switch>
                      <name>HPMaxDpi</name>
                      <case>
                          <name>False</name>
                          <hide_option>PrintQualityGroup.PQGroup_5</hide_option>
                      </case>
                      <case>
                          <name>True</name>
                          <enable_option>PrintQualityGroup.PQGroup_5</enable_option>
                      </case>
                  </switch>
                  <select_option>PrintQualityGroup.PQGroup_2</select_option>
              </case>
              <case>
                  <name>HP_IRON_ON_TRANSFER</name>
                  <enable_option>PrintQualityGroup.PQGroup_1</enable_option>
                  <enable_option>PrintQualityGroup.PQGroup_2</enable_option>
                  <enable_option>PrintQualityGroup.PQGroup_3</enable_option>
                  <switch>
                      <name>HPMaxDpi</name>
                      <case>
                          <name>False</name>
                          <hide_option>PrintQualityGroup.PQGroup_5</hide_option>
                      </case>
                      <case>
                          <name>True</name>
                          <enable_option>PrintQualityGroup.PQGroup_5</enable_option>
                      </case>
                  </switch>
                  <select_option>PrintQualityGroup.PQGroup_2</select_option>
              </case>

              <case>
                  <name>HP_PHOTO_CARDS</name>
                  <enable_option>PrintQualityGroup.PQGroup_1</enable_option>
                  <enable_option>PrintQualityGroup.PQGroup_2</enable_option>
                  <enable_option>PrintQualityGroup.PQGroup_3</enable_option>
                  <switch>
                      <name>HPMaxDpi</name>
                      <case>
                          <name>False</name>
                          <hide_option>PrintQualityGroup.PQGroup_5</hide_option>
                      </case>
                      <case>
                          <name>True</name>
                          <enable_option>PrintQualityGroup.PQGroup_5</enable_option>
                      </case>
                  </switch>
                <select_option>PrintQualityGroup.PQGroup_2</select_option>
              </case>
              <case>
                <name>HP_PROFESSIONAL_BROCHURE_PAPER_GLOSSY</name>
                <enable_option>PrintQualityGroup.PQGroup_1</enable_option>
                <enable_option>PrintQualityGroup.PQGroup_2</enable_option>
                <enable_option>PrintQualityGroup.PQGroup_3</enable_option>
                  <switch>
                      <name>HPMaxDpi</name>
                      <case>
                          <name>False</name>
                          <hide_option>PrintQualityGroup.PQGroup_5</hide_option>
                      </case>
                      <case>
                          <name>True</name>
                          <enable_option>PrintQualityGroup.PQGroup_5</enable_option>
                      </case>
                  </switch>
                <select_option>PrintQualityGroup.PQGroup_1</select_option>
              </case>  
              <case>
                <name>HP_PROFESSIONAL_BROCHURE_PAPER_MATTE</name>
                <enable_option>PrintQualityGroup.PQGroup_1</enable_option>
                <enable_option>PrintQualityGroup.PQGroup_2</enable_option>
                <enable_option>PrintQualityGroup.PQGroup_3</enable_option>
                  <switch>
                      <name>HPMaxDpi</name>
                      <case>
                          <name>False</name>
                          <hide_option>PrintQualityGroup.PQGroup_5</hide_option>
                      </case>
                      <case>
                          <name>True</name>
                          <enable_option>PrintQualityGroup.PQGroup_5</enable_option>
                      </case>
                  </switch>
                  <select_option>PrintQualityGroup.PQGroup_1</select_option>
              </case>
              <case>
                  <name>OTHER_SPECIALTY_PAPERS</name>
                  <enable_option>PrintQualityGroup.PQGroup_1</enable_option>
                  <enable_option>PrintQualityGroup.PQGroup_2</enable_option>
                  <enable_option>PrintQualityGroup.PQGroup_3</enable_option>
                  <switch>
                      <name>HPMaxDpi</name>
                      <case>
                          <name>False</name>
                          <hide_option>PrintQualityGroup.PQGroup_5</hide_option>
                      </case>
                      <case>
                          <name>True</name>
                          <enable_option>PrintQualityGroup.PQGroup_5</enable_option>
                      </case>
                  </switch>
                  <select_option>PrintQualityGroup.PQGroup_2</select_option>
              </case>

              <case_default>
                  <enable_option>PrintQualityGroup.PQGroup_1</enable_option>
                  <enable_option>PrintQualityGroup.PQGroup_2</enable_option>
                  <enable_option>PrintQualityGroup.PQGroup_3</enable_option>
                  <switch>
                      <name>HPMaxDpi</name>
                      <case>
                          <name>False</name>
                          <hide_option>PrintQualityGroup.PQGroup_5</hide_option>
                      </case>
                      <case>
                          <name>True</name>
                          <enable_option>PrintQualityGroup.PQGroup_5</enable_option>
                      </case>
                  </switch>
                <select_option>PrintQualityGroup.PQGroup_2</select_option>
             </case_default>
                  </switch>
                  <!-- ========================================= -->
                  <!-- Second macro statement                    -->
                  <!-- invokes the Print Quality macro           -->
                  <!-- to make selections to Resolution etc      -->
                  <!-- ========================================= -->
                  <call>macro_PrintQualityGroup</call>
               </macro>
               <!-- ========================================= -->
               <!--                 Print Quality             -->
               <!--                                           -->
               <!-- Print Quality macro can be invoked either -->
               <!-- 1. by the Media Type macro, or            -->
               <!-- 2. when the user explicitly selects a PQ  -->
               <!--    setting from the Print Quality control -->
               <!-- ========================================= -->
               <macro>
                  <name>macro_PQ_PhotoFix</name>
                      <switch>
                     <name>PrintQualityGroup</name>     
                         <case>
                        <name>PQGroup_1</name>
                       <select_option>PrintQuality.Best</select_option>
                        <select_option>HPPhotoFix.BASIC</select_option>
                        <resource_id>3996</resource_id>
                        <resource_id>3996</resource_id>
                        <resource_id>968</resource_id>
                     </case>
               
                   <case>
                        <name>PQGroup_2</name>
                        
                        <select_option>PrintQuality.Normal</select_option>
                        <select_option>HPPhotoFix.BASIC</select_option>                        
                        <resource_id>3996</resource_id>
                        <resource_id>3996</resource_id>
                        <resource_id>968</resource_id>
                      <call>macro_PrintQualityGroup_PQGroup_2</call>
                     </case>
                     <case>
                        <name>PQGroup_3</name>
                       
                        <select_option>PrintQuality.FastDraft</select_option>
                        <select_option>HPPhotoFix.OFF</select_option>
                        <resource_id>3995</resource_id>
                        <resource_id>3995</resource_id>
                        <resource_id>968</resource_id>
                       <call>macro_PrintQualityGroup_PQGroup_3</call>
                       
                     </case>
                     
                     <case>
                        <name>PQGroup_5</name>
                        <select_option>PrintQuality.4800x1200</select_option>
                        <select_option>HPPhotoFix.BASIC</select_option> 
                        <resource_id>3997</resource_id>
                        <resource_id>3997</resource_id>
                        <resource_id>3434</resource_id>
                     </case>
                  </switch>
                  <call>macro_HPPhotoFix</call> 
                  </macro>
               
               <macro>
                  <name>macro_PrintQualityGroup</name>
                  <switch>
                     <name>PrintQualityGroup</name>
                     <case>
                        <name>PQGroup_1</name>
                        <select_option>Resolution.600dpi</select_option>
                        <select_option>PrintQuality.Best</select_option>
                        
                        <resource_id>3996</resource_id>
                        <resource_id>3996</resource_id>
                        <resource_id>968</resource_id>
                        
                     </case>
                     <case>
                        <name>PQGroup_2</name>
                        <select_option>Resolution.600dpi</select_option>
                        <select_option>PrintQuality.Normal</select_option>
                        
                        <resource_id>3996</resource_id>
                        <resource_id>3996</resource_id>
                        <resource_id>968</resource_id>
                      <call>macro_PrintQualityGroup_PQGroup_2</call>
                        
                     </case>
                     <case>
                        <name>PQGroup_3</name>
                        <select_option>Resolution.300dpi</select_option>
                        <select_option>PrintQuality.FastDraft</select_option>
                        
                        <resource_id>3995</resource_id>
                        <resource_id>3995</resource_id>
                        <resource_id>968</resource_id>
                       <call>macro_PrintQualityGroup_PQGroup_3</call>
                        
                     </case>
                     
                     <case>
                        <name>PQGroup_5</name>
                        <select_option>Resolution.1200dpi</select_option>
                        <select_option>PrintQuality.4800x1200</select_option>
                        
                        <resource_id>3997</resource_id>
                        <resource_id>3997</resource_id>
                        <resource_id>3434</resource_id>
                       </case>
                  </switch>
               </macro>



              <macro>
                <name>macro_PrintQualityGroup_PQGroup_2</name>
                <switch>
                  <name>MediaType</name>
                  <case>
                    <name>HP_PREMIUM_INKJET_TRANSPARENCY</name>
                    <select_option>Resolution.300dpi</select_option>
                    <resource_id>3995</resource_id>
                    <resource_id>3995</resource_id>
                    <resource_id>968</resource_id>

                  </case>


                  <case>

                    <name>OTHER_TRANSPARENCY_FILMS</name>
                    <select_option>Resolution.300dpi</select_option>
                    <resource_id>3995</resource_id>
                    <resource_id>3995</resource_id>
                    <resource_id>968</resource_id>

                  </case>




                  <case_default>
                    <select_option>Resolution.600dpi</select_option>
                    <resource_id>3996</resource_id>
                    <resource_id>3996</resource_id>
                    <resource_id>968</resource_id>
                  </case_default>


                </switch>
              </macro>



              <macro>
                <name>macro_PrintQualityGroup_PQGroup_3</name>
                <switch>
                  <name>MediaType</name>


                  <case>
                    <name>OTHER_INKJET_PAPERS</name>
                    <select_option>Resolution.600dpi</select_option>
                    <resource_id>3996</resource_id>
                    <resource_id>3996</resource_id>
                    <resource_id>968</resource_id>

                  </case>


                  


                  <case>

                    <name>HP_PROFESSIONAL_BROCHURE_PAPER_GLOSSY</name>
                    <select_option>Resolution.600dpi</select_option>
                    <resource_id>3995</resource_id>
                    <resource_id>3995</resource_id>
                    <resource_id>968</resource_id>

                  </case>


                  <case>
                    <name>HP_PREM_INKJET_PAPER</name>
                    <select_option>Resolution.600dpi</select_option>
                    <resource_id>3996</resource_id>
                    <resource_id>3996</resource_id>
                    <resource_id>968</resource_id>

                  </case>

                  


                  <case>
                    <name>HP_PROFESSIONAL_BROCHURE_GLOSSY</name>
                    <select_option>Resolution.600dpi</select_option>
                    <resource_id>3996</resource_id>
                    <resource_id>3996</resource_id>
                    <resource_id>968</resource_id>

                  </case>

                  <case>
                    <name>HP_PROFESSIONAL_BROCHURE_PAPER_MATTE</name>
                    <select_option>Resolution.600dpi</select_option>
                    <resource_id>3996</resource_id>
                    <resource_id>3996</resource_id>
                    <resource_id>968</resource_id>

                  </case>

                  <case>
                    <name>HP_PREMIUM_PAPER</name>
                    <select_option>Resolution.600dpi</select_option>
                    <resource_id>3996</resource_id>
                    <resource_id>3996</resource_id>
                    <resource_id>968</resource_id>
                  </case>

                  <case>
                    <name>HP_PREM_INKJET_PRESENTATION_PAPER</name>
                    <select_option>Resolution.600dpi</select_option>
                    <resource_id>3996</resource_id>
                    <resource_id>3996</resource_id>
                    <resource_id>968</resource_id>
                  </case>

                  <case>
                    <name>OTHER_INKJET_PAPERS</name>
                    <select_option>Resolution.600dpi</select_option>
                    <resource_id>3996</resource_id>
                    <resource_id>3996</resource_id>
                    <resource_id>968</resource_id>
                  </case>
                  <case>
                    <name>HP_EVERYDAY_PHOTO_PAPER_SEMI_GLOSS</name>
                    <select_option>Resolution.600dpi</select_option>
                    <resource_id>3996</resource_id>
                    <resource_id>3996</resource_id>
                    <resource_id>968</resource_id>
                  </case>
                  <case>
                    <name>HP_EVERYDAY_PHOTO_PAPER_MATTE</name>
                    <select_option>Resolution.600dpi</select_option>
                    <resource_id>3996</resource_id>
                    <resource_id>3996</resource_id>
                    <resource_id>968</resource_id>
                  </case>

                  <case>
                    <name>HP_PREMIUM_PLUS_PHOTO_PAPER</name>
                    <select_option>Resolution.600dpi</select_option>
                    <resource_id>3996</resource_id>
                    <resource_id>3996</resource_id>
                    <resource_id>968</resource_id>

                  </case>

                  <case>
                    <name>HP_PREMIUM_PHOTO_PAPER</name>
                    <select_option>Resolution.600dpi</select_option>
                    <resource_id>3996</resource_id>
                    <resource_id>3996</resource_id>
                    <resource_id>968</resource_id>
                  </case>

                  <case>
                    <name>HP_ADVANCED_PHOTO_PAPER</name>
                    <select_option>Resolution.600dpi</select_option>
                    <resource_id>3996</resource_id>
                    <resource_id>3996</resource_id>
                    <resource_id>968</resource_id>
                  </case>

                  <case>
                    <name>OTHER_PHOTO_PAPER</name>
                    <select_option>Resolution.600dpi</select_option>
                    <resource_id>3996</resource_id>
                    <resource_id>3996</resource_id>
                    <resource_id>968</resource_id>
                  </case>

                  
                  <case>
                    <name>OTHER_GREETING_CARDS</name>
                    <select_option>Resolution.600dpi</select_option>
                    <resource_id>3996</resource_id>
                    <resource_id>3996</resource_id>
                    <resource_id>968</resource_id>
                  </case>
                  


                  <case>

                    <name>HP_IRON_ON_TRANSFER</name>
                    <select_option>Resolution.600dpi</select_option>
                    <resource_id>3996</resource_id>
                    <resource_id>3996</resource_id>
                    <resource_id>968</resource_id>
                  </case>

                   <case>
                    <name>HP_PHOTO_CARDS</name>
                    <select_option>Resolution.600dpi</select_option>
                    <resource_id>3996</resource_id>
                    <resource_id>3996</resource_id>
                    <resource_id>968</resource_id>
                  </case>



                  

                  <case>
                    <name>OTHER_SPECIALTY_PAPERS</name>
                    <select_option>Resolution.600dpi</select_option>
                    <resource_id>3996</resource_id>
                    <resource_id>3996</resource_id>
                    <resource_id>968</resource_id>
                  </case>


                  <case>
                    <name>HP_PROFESSIONAL_BROCHURE_PAPER_MATTE</name>
                    <select_option>Resolution.600dpi</select_option>
                    <resource_id>3996</resource_id>
                    <resource_id>3996</resource_id>
                    <resource_id>968</resource_id>
                  </case>


                  <case_default>
                    <select_option>Resolution.300dpi</select_option>
                    <resource_id>3995</resource_id>
                    <resource_id>3995</resource_id>
                    <resource_id>968</resource_id>
                  </case_default>

                </switch>
              </macro>






              






              <!-- ========================================= -->
               <!--    Print Quality Import                   -->
               <!--   Mapping is as follows                   -->
               <!--   (a) Best         - PQGroup_1            -->
               <!--   (b) Normal       - PQGroup_2            -->
               <!--   (c) FastDraft    - PQGroup_3            -->
               <!--   (d) FastNormal   - PQGroup_4            -->
               <!--   (e) 4800x1200  - PQGroup_5            -->
               <!-- Print Quality options have single level   -->
               <!-- association only                          -->
               <!-- ========================================= -->
               <macro>
                  <name>macro_PrintQualityImport</name>
                  <switch>
                     <name>PrintQualityImport</name>
                     <case>
                        <name>Best</name>
                        <map_option>PQGroup_1</map_option>
                     </case>
                     <case>
                        <name>Normal</name>
                        <map_option>PQGroup_2</map_option>
                     </case>
                     <case>
                        <name>FastDraft</name>
                        <map_option>PQGroup_3</map_option>
                     </case>
                     
                     <case>
                        <name>4800x1200</name>
                        <map_option>PQGroup_5</map_option>
                     </case>
                  </switch>
                  <call>macro_PrintQualityGroup</call>
               </macro>
               <!-- ========================================= -->
               <!--    Print Quality Export                   -->
               <!--   Mapping is as follows                   -->
               <!--   (a) Best         - PQGroup_1            -->
               <!--   (b) Normal       - PQGroup_2            -->
               <!--   (c) FastDraft    - PQGroup_3            -->
               <!--   (d) FastNormal   - PQGroup_4            -->
               <!--   (e) 4800x1200  - PQGroup_5            -->
               <!-- Print Quality options have single level   -->
               <!-- association only                          -->
               <!-- ========================================= -->
               <macro>
                  <name>macro_PrintQualityExport</name>
                  <switch>
                     <name>PrintQualityExport</name>
                     <case>
                        <name>PQGroup_1</name>
                        <unmap_option>Best</unmap_option>
                     </case>
                     <case>
                        <name>PQGroup_2</name>
                        <unmap_option>Normal</unmap_option>
                     </case>
                     <case>
                        <name>PQGroup_3</name>
                        <unmap_option>FastDraft</unmap_option>
                     </case>
                     
                     <case>
                        <name>PQGroup_5</name>
                        <unmap_option>4800x1200</unmap_option>
                     </case>
                  </switch>
               </macro>
                <macro>
                    <name>macro_pop_up_HPMaxDpi</name>
                    <title>6664</title>
                    <string_id>6665</string_id>
                    <checkbox_present>TRUE</checkbox_present>
                    <butt1>6420</butt1>
                    <showpopup>MODAL_DLG</showpopup>
                </macro>

               <macro>
               <name>macro_pop_up_4800_1200_warning</name>
               <title>3434</title>
               <string_id>5328</string_id>
              <checkbox_present>TRUE</checkbox_present>
               <butt1>6420</butt1>
               <showpopup>MODAL_DLG</showpopup>
            </macro>


              <macro>
                <name>macro_pop_up_CustomPaper</name>
                <title>876</title> 
                <icon>MB_ICONWARNING</icon>
                <string_id>4254</string_id>    
                <message_type>MB_OK</message_type>                                     
                <showpopup>MSG_BOX</showpopup>                     
              </macro>
              <macro>
                <name>macro_custom_size</name>
                <option_name>min_width.76200</option_name>
                <option_name>max_width.215900</option_name>
                <option_name>min_length.101600</option_name>
                <option_name>max_length.762000</option_name>
              </macro>
              


              
            </macros>
            <presets>
                <presetenglish>
                    <name>Default Print Settings</name> 
                    <resource_id>3041</resource_id> 
                    <setting>MediaType.PLAIN</setting>
                    <setting>PrintQualityGroup.PQGroup_2</setting>
                    <setting>PrintQuality.Normal</setting>
                    <setting>Resolution.600dpi</setting> 
                </presetenglish>
                <presetjapanese>
                    <name>Default Print Settings</name>
                    <resource_id>3041</resource_id>
                    <setting>PaperSize.A4</setting>
                    <setting>MediaType.PLAIN</setting>
                    <setting>PrintQualityGroup.PQGroup_2</setting>
                    <setting>Resolution.600dpi</setting>
                </presetjapanese>
            </presets>
            
            <groups>
          <group>
            <groupname>PaperType</groupname>
            <resource_id>3152</resource_id>            
            <subgroup>
              <subgroupname>Plain Paper</subgroupname>
              <resource_id>3126</resource_id>
              <name>PLAIN</name>              
            </subgroup>             
            <subgroup>
              <subgroupname>Inkjet Papers</subgroupname>
              <resource_id>3120</resource_id>
              <name>HP_BRIGHT_WHITE_INKJET_PAPER</name>
              <name>HP_PREM_INKJET_PAPER</name>  
              <name>HP_PREM_INKJET_PRESENTATION_PAPER</name>             
              <name>OTHER_INKJET_PAPERS</name>
            </subgroup>            
            <subgroup>
              <subgroupname>Photo Papers</subgroupname>
              <resource_id>3121</resource_id>
              <name>HP_PREMIUM_PLUS_PHOTO_PAPER</name>
              <name>HP_PREMIUM_PHOTO_PAPER</name>
              <name>HP_ADVANCED_PHOTO_PAPER</name>
              
              <name>HP_EVERYDAY_PHOTO_PAPER_SEMI_GLOSS</name>
              <name>HP_EVERYDAY_PHOTO_PAPER_MATTE</name>                        
              <name>OTHER_PHOTO_PAPER</name>         
             </subgroup>
            <subgroup>
              <subgroupname>Transparency Films</subgroupname>
              <resource_id>3122</resource_id>
              <name>HP_PREMIUM_INKJET_TRANSPARENCY</name>              
              <name>OTHER_TRANSPARENCY_FILMS</name>
            </subgroup>
                     
            <subgroup>
              <subgroupname>Special Paper</subgroupname>
              <resource_id>3123</resource_id>              
              <name>HP_IRON_ON_TRANSFER</name>
              
              <name>HP_PHOTO_CARDS</name>              
              <name>OTHER_SPECIALTY_PAPERS</name>            
            </subgroup>   
            
             <subgroup>
              <subgroupname>Brochure Papers</subgroupname>
              <resource_id>3125</resource_id>              
              <name>HP_PROFESSIONAL_BROCHURE_PAPER_GLOSSY</name>
              <name>HP_PROFESSIONAL_BROCHURE_PAPER_MATTE</name>
             </subgroup>        
            
           </group>
              <group>
                <groupname>PaperSize</groupname>
                <subgroup>
                  <subgroupname>Document sizes</subgroupname>
                  <resource_id>5050</resource_id>
                  <name type="Metric">A5</name>
                  <name type="All">EXECUTIVE</name>
                  <name type="Metric">A4</name>
                  <name type="English">LETTER</name>
                  <name type="English">LEGAL</name>
                  <name type="Metric">B5</name>
                 </subgroup>

                <subgroup>
                  <subgroupname>Borderless photo</subgroupname>
                  <resource_id>5051</resource_id>
                  <name type="Metric">HP_BORDERLESS_PHOTO_10_X_15_CM_WT</name>
                  <name type="English">HP_BORDERLESS_PHOTO_4_X_6_IN_WT</name>
                  <name type="Metric">HP_BORDERLESS_10_X_20_CM_WT</name>
                  <name type="English">HP_BORDERLESS_4_x_8_IN_WT</name>
                  <name type="Metric">HP_BORDERLESS_HAGAKI_CARD_100x148</name>
                 
                </subgroup>

                <subgroup>
                  <subgroupname>Borderless panorama</subgroupname>
                  <resource_id>5052</resource_id>
                  <name type="Metric">HP_BORDERLESS_PHOTO_PANORAMA_10x25</name>
                  <name type="English">HP_BORDERLESS_PHOTO_PANORAMA_4x10</name>
                  <name type="Metric">HP_BORDERLESS_PHOTO_PANORAMA_10x30</name>
                  <name type="English">HP_BORDERLESS_PHOTO_PANORAMA_4x12</name>
                </subgroup>
                <subgroup>
                  <subgroupname>Photo sizes</subgroupname>
                  <resource_id>5053</resource_id>
                  <name type="Metric">10_X_15_CM</name>
                  <name type="English">4_X_6_IN</name>
                  <name type="Metric">10_X_15_CM_WT</name>
                  <name type="English">4_X_6_IN_WT</name>
					<name type="Metric">E_SIZE</name>
					<name type="Metric">HAGAKI_CARD</name>
           
              
                  <name type="Metric">10_X_20_TAB</name>
                  <name type="English">4_X_8_IN_WT</name>
                  <name type="Metric">A6</name>
					<name type="Metric">CABINET</name>
                  <name type="Metric">13_X_18_IN</name>
                  <name type="English">5_X_7_IN</name>
                  <name type="All">8_X_10_IN</name>
                </subgroup>

                <subgroup>
                  <subgroupname>Envelopes</subgroupname>
                  <resource_id>5055</resource_id>
                  <name type="All">ENV_10</name>

                  <name type="Metric">ENV_DL</name>
                  <name type="Metric">ENV_A2</name>
                  <name type="Metric">ENV_C6</name>

                </subgroup>

                <subgroup>
                  <subgroupname>Index cards</subgroupname>
                  <resource_id>5056</resource_id>
                  <name type="English">INDEX_CARD_3X5</name>
                  <name type="English">INDEX_CARD_4X6</name>
                  <name type="English">INDEX_CARD_5X8</name>
                </subgroup>
              </group>
        </groups>

  <DocUISettings>
    <DocSetting>
      <name>General Everyday Printing</name>
      <resource_id>4404</resource_id>
      <bitmap_id>289</bitmap_id>
      <custbitmap_id>305</custbitmap_id>
            
      

     

      <DocFeature>
          <name>PaperSize</name>
          <resource_id>6190</resource_id>
          <help_id>15691</help_id>
          
          <!-- Locale Specific paper size defaults =============== -->
          <!-- US - 1, Portugal - 351, Japan - 81  -->          
          <switch>
              <name>LocaleID</name>
              <case>
                  <name>1</name>
                  <select_option>LETTER</select_option>
              </case>
              <case>
                  <name>351</name>
                  <select_option>A4</select_option>
              </case>
              <case>
                  <name>81</name>
                  <select_option>A4</select_option>
              </case>
              <case_default>
                  <select_option>A4</select_option>
              </case_default>
          </switch>

          
         
          <DocOption>
            <name>A4</name>
            <bitmap_id>306</bitmap_id>
          </DocOption>
        <DocOption>
          <name>LETTER</name>
          <bitmap_id>306</bitmap_id>
        </DocOption>
          <DocOption>
            <name>LEGAL</name>
            <bitmap_id>306</bitmap_id>
          </DocOption> 
          
          </DocFeature>
      <DocFeature>
        <name>MediaType</name>
        <resource_id>6191</resource_id>
        <help_id>15483</help_id>
        <select_option>PLAIN</select_option>

        <DocOption>
          <name>PLAIN</name>
          <bitmap_id>299</bitmap_id>
        </DocOption>
      </DocFeature>
      <DocFeature>
        <name>PrintQuality</name>
        <resource_id>6195</resource_id>
        <help_id>15694</help_id>
        <select_option>Normal</select_option>

        <DocOption>
          <name>FastDraft</name>
          <bitmap_id>295</bitmap_id>
        </DocOption>

        <DocOption>
          <name>Normal</name>
          <bitmap_id>292</bitmap_id>
        </DocOption>
        <DocOption>
          <name>Best</name>
          <bitmap_id>290</bitmap_id>
        </DocOption>
      </DocFeature>
      

      <DocFeature>
          <name>Duplex</name>
          <resource_id>6193</resource_id>
          <help_id>15487</help_id>
          <select_option>Off</select_option>

          <DocOption>
             <name>Off</name>
             <resource_id>1117</resource_id>
             <bitmap_id>349</bitmap_id>
          </DocOption>
          <DocOption>
             <name>Manually</name>
             <resource_id>4267</resource_id>
             <bitmap_id>353</bitmap_id>
          </DocOption>
          <DocOption>
             <name>LeftEdgeBinding</name>
             <resource_id>4268</resource_id>
             <bitmap_id>355</bitmap_id>
          </DocOption>
          <DocOption>
             <name>RightEdgeBinding</name>
             <resource_id>4269</resource_id>
             <bitmap_id>357</bitmap_id>
          </DocOption>
      </DocFeature>
        <DocFeature>
          <name>Orientation</name>
          <resource_id>6244</resource_id>
          <help_id>15479</help_id>
          <select_option>PORTRAIT</select_option>

          <DocOption>
            <name>PORTRAIT</name>
            <bitmap_id>310</bitmap_id>
          </DocOption>
          <DocOption>
            <name>LANDSCAPE_CC270</name>
            <bitmap_id>312</bitmap_id>
          </DocOption>
        </DocFeature>
      

    </DocSetting>    
    <DocSetting>
      <name>Photo printing-borderless</name>
      <resource_id>4274</resource_id>
      <bitmap_id>292</bitmap_id>
      <custbitmap_id>308</custbitmap_id>

      
      

      
      <DocFeature>
          <name>PaperSize</name>
          <resource_id>6190</resource_id>
          <help_id>15691</help_id>
          
          <!-- Locale Specific paper size defaults =============== -->
          <!-- US - 1, Portugal - 351, Japan - 81  -->          
          <switch>
              <name>LocaleID</name>
              <case>
                  <name>1</name>
                  <select_option>HP_BORDERLESS_PHOTO_4_X_6_IN_WT</select_option>
              </case>
              <case>
                  <name>351</name>
                  <select_option>HP_BORDERLESS_PHOTO_10_X_15_CM_WT</select_option>
              </case>
              <case>
                  <name>81</name>
                  <select_option>HP_BORDERLESS_PHOTO_10_X_15_CM_WT</select_option>
              </case>
              <case_default>
                  <select_option>HP_BORDERLESS_PHOTO_10_X_15_CM_WT</select_option>
              </case_default>
          </switch>

         
        
         <DocOption>
            <name>HP_BORDERLESS_PHOTO_10_X_15_CM_WT</name>
            <bitmap_id>306</bitmap_id>
         </DocOption>
        <DocOption>
          <name>HP_BORDERLESS_PHOTO_4_X_6_IN_WT</name>
          <bitmap_id>306</bitmap_id>
        </DocOption>
         <DocOption>
            <name>HP_BORDERLESS_10_X_20_CM_WT</name>
            <bitmap_id>306</bitmap_id>
         </DocOption>
         <DocOption>
            <name>HP_BORDERLESS_4_x_8_IN_WT</name>
            <bitmap_id>306</bitmap_id>
         </DocOption>

        
      </DocFeature>
      <DocFeature>
        <name>MediaType</name>
        <resource_id>6191</resource_id>
        <help_id>15483</help_id>
        <select_option>HP_PREMIUM_PLUS_PHOTO_PAPER</select_option>


        <DocOption>
          <name>HP_PREMIUM_PLUS_PHOTO_PAPER</name>
          <bitmap_id>301</bitmap_id>
        </DocOption>
        <DocOption>
          <name>HP_PREMIUM_PHOTO_PAPER</name>
          <bitmap_id>301</bitmap_id>
        </DocOption>
        <DocOption>
          <name>HP_ADVANCED_PHOTO_PAPER</name>
          <bitmap_id>301</bitmap_id>
        </DocOption>

        <DocOption>
          <name>HP_EVERYDAY_PHOTO_PAPER_SEMI_GLOSS</name>
          <bitmap_id>301</bitmap_id>
        </DocOption>
        <DocOption>
          <name>HP_EVERYDAY_PHOTO_PAPER_MATTE</name>
          <bitmap_id>301</bitmap_id>
        </DocOption>
        <DocOption>
          <name>OTHER_PHOTO_PAPER</name>
          <bitmap_id>301</bitmap_id>
        </DocOption>

      </DocFeature>

      <DocFeature>
        <name>PrintQuality</name>
        <resource_id>6195</resource_id>
        <help_id>15694</help_id>
        <select_option>Best</select_option>

        
        <DocOption>
          <name>Normal</name>
          <bitmap_id>292</bitmap_id>
        </DocOption>
        <DocOption>
          <name>Best</name>
          <bitmap_id>290</bitmap_id>
        </DocOption>

      </DocFeature>
      <DocFeature>
        <name>HPPrintInGrayScale</name>
        <resource_id>6574</resource_id>
        <help_id>15486</help_id>
        <select_option>False</select_option>

        <DocOption>
          <name>False</name>
          <bitmap_id>359</bitmap_id>
        </DocOption>
        <DocOption>
          <name>HighQuality</name>
          <bitmap_id>361</bitmap_id>
        </DocOption>
      </DocFeature>      

      <DocFeature>
          <name>Orientation</name>
          <resource_id>6244</resource_id>
          <help_id>15479</help_id>
          <!-- Locale Specific paper size defaults =============== -->
          <!-- US - 1, Portugal - 351, Japan - 81  -->          
          <switch>
              <name>LocaleID</name>
              <case>
                  <name>1</name>
                  <select_option>LANDSCAPE_CC270</select_option>
              </case>
              <case>
                  <name>351</name>
                  <select_option>PORTRAIT</select_option>
              </case>
              <case>
                  <name>81</name>
                  <select_option>PORTRAIT</select_option>
              </case>
              <case_default>
                  <select_option>PORTRAIT</select_option>
              </case_default>
          </switch>
           <DocOption>
             <name>PORTRAIT</name>
             <bitmap_id>310</bitmap_id>
          </DocOption>
           <DocOption>
             <name>LANDSCAPE_CC270</name>
             <bitmap_id>312</bitmap_id>
          </DocOption>
          
      </DocFeature>

      <DocFeature>
          <name>HPPhotoFix</name>
          <resource_id>5980</resource_id>
          <help_id>15637</help_id>
          <select_option>BASIC</select_option>

          <DocOption>
             <name>OFF</name>
             <bitmap_id>359</bitmap_id>
          </DocOption>

          <DocOption>
             <name>BASIC</name>
             <bitmap_id>361</bitmap_id>
          </DocOption>                

          <DocOption>
             <name>FULL</name>
             <bitmap_id>363</bitmap_id>
          </DocOption>
      </DocFeature>

      <DocFeature>
        <name>HPRedEyeReduction</name>
        <resource_id>6389</resource_id>
        <help_id>15437</help_id>
        <select_option>Off</select_option>
         <DocOption>
          <name>Off</name>
          <bitmap_id>1117</bitmap_id>
        </DocOption>
        <DocOption>
          <name>On</name>
          <bitmap_id>361</bitmap_id>
        </DocOption>
      </DocFeature>
                              
    </DocSetting>
        
    <DocSetting>
      <name>Photo Printing-with white borders</name>
      <resource_id>4275</resource_id>            
      <bitmap_id>291</bitmap_id>
      <custbitmap_id>307</custbitmap_id>



      

      <DocFeature>
          <name>PaperSize</name>
          <resource_id>6190</resource_id>
          <help_id>15691</help_id>
          
          <!-- Locale Specific paper size defaults =============== -->
          <!-- US - 1, Portugal - 351, Japan - 81  -->          
          <switch>
              <name>LocaleID</name>
              <case>
                  <name>1</name>
          <select_option>4_X_6_IN</select_option>
              </case>
              <case>
                  <name>351</name>
                  <select_option>10_X_15_CM</select_option>
              </case>
              <case>
                  <name>81</name>
                  <select_option>10_X_15_CM</select_option>
              </case>
              <case_default>
                  <select_option>10_X_15_CM</select_option>
              </case_default>
          </switch>
        <DocOption>
          <name>A5</name>
          <bitmap_id>306</bitmap_id>
        </DocOption>
        <DocOption>
          <name>A4</name>
          <bitmap_id>306</bitmap_id>
        </DocOption>
        <DocOption>
          <name>LETTER</name>
          <bitmap_id>306</bitmap_id>
        </DocOption>
          <DocOption>
            <name>10_X_15_CM</name>
            <bitmap_id>306</bitmap_id>
          </DocOption> 
          <DocOption>
            <name>4_X_6_IN</name>
            <bitmap_id>306</bitmap_id>
          </DocOption> 
          <DocOption>
            <name>10_X_15_CM_WT</name>
            <bitmap_id>306</bitmap_id>
          </DocOption> 
          <DocOption>
            <name>4_X_6_IN_WT</name>
            <bitmap_id>306</bitmap_id>
          </DocOption>
          <DocOption>
            <name>10_X_20_TAB</name>
            <bitmap_id>306</bitmap_id>
          </DocOption>
          <DocOption>
            <name>4_X_8_IN_WT</name>
            <bitmap_id>306</bitmap_id>
          </DocOption>
          <DocOption>
            <name>A6</name>
            <bitmap_id>306</bitmap_id>
          </DocOption>
          <DocOption>
            <name>13_X_18_IN</name>
            <bitmap_id>306</bitmap_id>
          </DocOption> 
           <DocOption>
            <name>5_X_7_IN</name>
            <bitmap_id>306</bitmap_id>
          </DocOption>

          
          <DocOption>
          <name>8_X_10_IN</name>
            <bitmap_id>306</bitmap_id>
          </DocOption>
      </DocFeature>
      <DocFeature>
        <name>MediaType</name>
        <resource_id>6191</resource_id>
        <help_id>15483</help_id>
        <select_option>HP_PREMIUM_PLUS_PHOTO_PAPER</select_option>

        <DocOption>
          <name>HP_PREMIUM_PLUS_PHOTO_PAPER</name>
          <bitmap_id>301</bitmap_id>
        </DocOption>
        <DocOption>
          <name>HP_PREMIUM_PHOTO_PAPER</name>
          <bitmap_id>301</bitmap_id>
        </DocOption>
        <DocOption>
          <name>HP_ADVANCED_PHOTO_PAPER</name>
          <bitmap_id>301</bitmap_id>
        </DocOption>

        <DocOption>
          <name>HP_EVERYDAY_PHOTO_PAPER_SEMI_GLOSS</name>
          <bitmap_id>301</bitmap_id>
        </DocOption>
        <DocOption>
          <name>HP_EVERYDAY_PHOTO_PAPER_MATTE</name>
          <bitmap_id>301</bitmap_id>
        </DocOption>
        <DocOption>
          <name>OTHER_PHOTO_PAPER</name>
          <bitmap_id>301</bitmap_id>
        </DocOption>
      </DocFeature>
        <DocFeature>
          <name>PrintQuality</name>
          <resource_id>6195</resource_id>
          <help_id>15694</help_id>
          <select_option>Best</select_option>

          
          <DocOption>
            <name>Normal</name>
            <bitmap_id>292</bitmap_id>
          </DocOption>
          <DocOption>
            <name>Best</name>
            <bitmap_id>290</bitmap_id>
          </DocOption>

        </DocFeature>
      <DocFeature>
        <name>HPPrintInGrayScale</name>
        <resource_id>6574</resource_id>
        <help_id>15486</help_id>
        <select_option>False</select_option>

        <DocOption>
          <name>False</name>
          <bitmap_id>359</bitmap_id>
        </DocOption>
        <DocOption>
          <name>HighQuality</name>
          <bitmap_id>361</bitmap_id>
          </DocOption>          
      </DocFeature>      

      <DocFeature>
          <name>Orientation</name>
          <resource_id>6244</resource_id>
          <help_id>15479</help_id>
          <!-- Locale Specific paper size defaults =============== -->
          <!-- US - 1, Portugal - 351, Japan - 81  -->          
          <switch>
              <name>LocaleID</name>
              <case>
                  <name>1</name>
                  <select_option>LANDSCAPE_CC270</select_option>
              </case>
              <case>
                  <name>351</name>
                  <select_option>PORTRAIT</select_option>
              </case>
              <case>
                  <name>81</name>
                  <select_option>PORTRAIT</select_option>
              </case>
              <case_default>
                  <select_option>PORTRAIT</select_option>
              </case_default>
          </switch>
           <DocOption>
             <name>PORTRAIT</name>
             <bitmap_id>310</bitmap_id>
          </DocOption>
      
           <DocOption>
             <name>LANDSCAPE_CC270</name>
             <bitmap_id>312</bitmap_id>
          </DocOption>
          </DocFeature>
      <DocFeature>
          <name>HPPhotoFix</name>
          <resource_id>5980</resource_id>
          <help_id>15637</help_id>
          <select_option>BASIC</select_option>

          <DocOption>
             <name>OFF</name>
             <bitmap_id>359</bitmap_id>
          </DocOption>

          <DocOption>
             <name>BASIC</name>
             <bitmap_id>361</bitmap_id>
          </DocOption>                

          <DocOption>
             <name>FULL</name>
             <bitmap_id>363</bitmap_id>
          </DocOption>
      </DocFeature>

      <DocFeature>
        <name>HPRedEyeReduction</name>
        <resource_id>6389</resource_id>
        <help_id>15437</help_id>
        <select_option>Off</select_option>
         <DocOption>
          <name>Off</name>
          <bitmap_id>1117</bitmap_id>
        </DocOption>
        <DocOption>
          <name>On</name>
          <bitmap_id>361</bitmap_id>
        </DocOption>
      </DocFeature>
            
      
    </DocSetting>

    <DocSetting>
      <name>Two-sided (Duplex) Printing</name>
      <resource_id>4276</resource_id>
      <bitmap_id>296</bitmap_id>
      <custbitmap_id>312</custbitmap_id>
            
      

      

      <DocFeature>
          <name>PaperSize</name>
          <resource_id>6190</resource_id>
          <help_id>15691</help_id>
          
          <!-- Locale Specific paper size defaults =============== -->
          <!-- US - 1, Portugal - 351, Japan - 81  -->          
          <switch>
              <name>LocaleID</name>
              <case>
                  <name>1</name>
                  <select_option>LETTER</select_option>
              </case>
              <case>
                  <name>351</name>
                  <select_option>A4</select_option>
              </case>
              <case>
                  <name>81</name>
                  <select_option>A4</select_option>
              </case>
              <case_default>
                  <select_option>A4</select_option>
              </case_default>
          </switch>

          <DocOption>
            <name>A5</name>
            <bitmap_id>306</bitmap_id>
          </DocOption>
          <DocOption>
            <name>EXECUTIVE</name>
            <bitmap_id>306</bitmap_id>
          </DocOption>          
          <DocOption>
            <name>A4</name>
            <bitmap_id>306</bitmap_id>
          </DocOption>
          <DocOption>
            <name>LETTER</name>
            <bitmap_id>306</bitmap_id>
          </DocOption>
        <DocOption>
          <name>LEGAL</name>
          <bitmap_id>306</bitmap_id>
        </DocOption>
          <DocOption>
            <name>A6</name>
            <bitmap_id>306</bitmap_id>
          </DocOption>
          <DocOption>
            <name>INDEX_CARD_4X6</name>
            <bitmap_id>306</bitmap_id>
          </DocOption>
          <DocOption>
            <name>INDEX_CARD_5X8</name>
            <bitmap_id>306</bitmap_id>
          </DocOption>   
      </DocFeature>
      <DocFeature>
        <name>MediaType</name>
        <resource_id>6191</resource_id>
        <help_id>15483</help_id>
        <select_option>PLAIN</select_option>

        <DocOption>
          <name>PLAIN</name>
          <bitmap_id>299</bitmap_id>
        </DocOption>
        <DocOption>
          <name>HP_BRIGHT_WHITE_INKJET_PAPER</name>
          <bitmap_id>301</bitmap_id>
        </DocOption>

        <DocOption>
          <name>HP_PREM_INKJET_PAPER</name>
          <bitmap_id>301</bitmap_id>
        </DocOption>

        <DocOption>
          <name>HP_PREM_INKJET_PRESENTATION_PAPER</name>
          <bitmap_id>301</bitmap_id>
        </DocOption>
        <DocOption>
          <name>OTHER_INKJET_PAPERS</name>
          <bitmap_id>301</bitmap_id>
        </DocOption>
      </DocFeature>
      <DocFeature>
        <name>PrintQuality</name>
        <resource_id>6195</resource_id>
        <help_id>15694</help_id>
        <select_option>Normal</select_option>


        <DocOption>
          <name>FastDraft</name>
          <bitmap_id>295</bitmap_id>
        </DocOption>

        <DocOption>
          <name>Normal</name>
          <bitmap_id>292</bitmap_id>
        </DocOption>

      </DocFeature>

      <DocFeature>
          <name>Duplex</name>
          <resource_id>6193</resource_id>
          <help_id>15487</help_id>
          <select_option>Manually</select_option>
           <DocOption>
             <name>Off</name>
             <resource_id>1117</resource_id>
             <bitmap_id>349</bitmap_id>
          </DocOption>               
          <DocOption>
             <name>Manually</name>
             <resource_id>4267</resource_id>
             <bitmap_id>353</bitmap_id>
          </DocOption>
          
          <DocOption>
             <name>LeftEdgeBinding</name>
             <resource_id>4268</resource_id>
             <bitmap_id>355</bitmap_id>
          </DocOption>
          <DocOption>
             <name>RightEdgeBinding</name>
             <resource_id>4269</resource_id>
             <bitmap_id>357</bitmap_id>
          </DocOption>
      </DocFeature>
    </DocSetting>

    <DocSetting>
      <name>Presentation Printing</name>
      <resource_id>4277</resource_id>
      <bitmap_id>295</bitmap_id>
      <custbitmap_id>311</custbitmap_id>





      <DocFeature>
          <name>PaperSize</name>
          <resource_id>6190</resource_id>
          <help_id>15691</help_id>
          
          <!-- Locale Specific paper size defaults =============== -->
          <!-- US - 1, Portugal - 351, Japan - 81  -->          
          <switch>
              <name>LocaleID</name>
              <case>
                  <name>1</name>
                  <select_option>LETTER</select_option>
              </case>
              <case>
                  <name>351</name>
                  <select_option>A4</select_option>
              </case>
              <case>
                  <name>81</name>
                  <select_option>A4</select_option>
              </case>
              <case_default>
                  <select_option>A4</select_option>
              </case_default>
          </switch>

          <DocOption>
            <name>EXECUTIVE</name>
            <bitmap_id>306</bitmap_id>
          </DocOption>
          <DocOption>
            <name>A4</name>
            <bitmap_id>306</bitmap_id>
          </DocOption>
          <DocOption>
            <name>LETTER</name>
            <bitmap_id>306</bitmap_id>
          </DocOption>
          <DocOption>
            <name>LEGAL</name>
            <bitmap_id>306</bitmap_id>
          </DocOption>
          
      </DocFeature>       
      <DocFeature>
        <name>MediaType</name>
        <resource_id>6191</resource_id>
        <help_id>15483</help_id>
        <select_option>PLAIN</select_option>


        <DocOption>
          <name>PLAIN</name>
          <bitmap_id>299</bitmap_id>
        </DocOption>
        <DocOption>
          <name>HP_BRIGHT_WHITE_INKJET_PAPER</name>
          <bitmap_id>299</bitmap_id>
        </DocOption>
        <DocOption>
          <name>HP_PREM_INKJET_PAPER</name>
          <bitmap_id>299</bitmap_id>
        </DocOption>
        <DocOption>
          <name>HP_PREM_INKJET_PRESENTATION_PAPER</name>
          <bitmap_id>301</bitmap_id>
        </DocOption>
        <DocOption>
          <name>OTHER_INKJET_PAPERS</name>
          <bitmap_id>299</bitmap_id>
        </DocOption>

        <DocOption>
          <name>OTHER_TRANSPARENCY_FILMS</name>
          <bitmap_id>303</bitmap_id>
        </DocOption>
        <DocOption>
          <name>HP_IRON_ON_TRANSFER</name>
          <bitmap_id>303</bitmap_id>
        </DocOption>

      </DocFeature>
      <DocFeature>
        <name>PrintQuality</name>
        <resource_id>6195</resource_id>
        <help_id>15694</help_id>
        <select_option>Best</select_option>

        <DocOption>
          <name>Normal</name>
          <bitmap_id>292</bitmap_id>
        </DocOption>
        <DocOption>
          <name>Best</name>
          <bitmap_id>290</bitmap_id>
        </DocOption>

      </DocFeature>
      

      <DocFeature>
          <name>Duplex</name>
          <resource_id>6193</resource_id>
          <help_id>15487</help_id>
          <select_option>Off</select_option>

          <DocOption>
             <name>Off</name>
             <resource_id>1117</resource_id>
             <bitmap_id>349</bitmap_id>
          </DocOption>
          <DocOption>
             <name>Manually</name>
             <resource_id>4267</resource_id>
             <bitmap_id>353</bitmap_id>
          </DocOption> 
          <DocOption>
             <name>LeftEdgeBinding</name>
             <resource_id>4268</resource_id>
             <bitmap_id>355</bitmap_id>
          </DocOption>
          <DocOption>
             <name>RightEdgeBinding</name>
             <resource_id>4269</resource_id>
             <bitmap_id>357</bitmap_id>
          </DocOption>          
      </DocFeature>
      <DocFeature>
          <name>Orientation</name>
          <resource_id>6244</resource_id>
          <help_id>15479</help_id>
          <select_option>PORTRAIT</select_option>

          <DocOption>
             <name>PORTRAIT</name>
             <bitmap_id>310</bitmap_id>
          </DocOption>
          <DocOption>
             <name>LANDSCAPE_CC270</name>
             <bitmap_id>312</bitmap_id>
          </DocOption>
      </DocFeature>

      
      
    </DocSetting>


    <DocSetting>
      <name>Fast/Economical Printing</name>
      <resource_id>4278</resource_id>            
      <bitmap_id>286</bitmap_id>
      <custbitmap_id>302</custbitmap_id>


         

      <DocFeature>
          <name>PaperSize</name>
          <resource_id>6190</resource_id>
          <help_id>15691</help_id>
          
          <!-- Locale Specific paper size defaults =============== -->
          <!-- US - 1, Portugal - 351, Japan - 81  -->          
          <switch>
              <name>LocaleID</name>
              <case>
                  <name>1</name>
                  <select_option>LETTER</select_option>
              </case>
              <case>
                  <name>351</name>
                  <select_option>A4</select_option>
              </case>
              <case>
                  <name>81</name>
                  <select_option>A4</select_option>
              </case>
              <case_default>
                  <select_option>A4</select_option>
              </case_default>
          </switch>
            
          <DocOption>
            <name>A5</name>
            <bitmap_id>306</bitmap_id>
          </DocOption>
          <DocOption>
            <name>EXECUTIVE</name>
            <bitmap_id>306</bitmap_id>
          </DocOption>
          <DocOption>
            <name>A4</name>
            <bitmap_id>306</bitmap_id>
          </DocOption>
          <DocOption>
            <name>LETTER</name>
            <bitmap_id>306</bitmap_id>
          </DocOption>
          
          
          <DocOption>
            <name>LEGAL</name>
            <bitmap_id>306</bitmap_id>
          </DocOption>          
          <DocOption>
            <name>A6</name>
            <bitmap_id>306</bitmap_id>
          </DocOption>
          <DocOption>
            <name>INDEX_CARD_3X5</name>
            <bitmap_id>306</bitmap_id>
          </DocOption>
          <DocOption>
            <name>INDEX_CARD_4X6</name>
            <bitmap_id>306</bitmap_id>
          </DocOption>
          <DocOption>
            <name>INDEX_CARD_5X8</name>
            <bitmap_id>306</bitmap_id>
          </DocOption>   
         </DocFeature>
      <DocFeature>
        <name>MediaType</name>
        <resource_id>6191</resource_id>
        <help_id>15483</help_id>
        <select_option>PLAIN</select_option>

        <DocOption>
          <name>PLAIN</name>
          <bitmap_id>299</bitmap_id>
        </DocOption>
      </DocFeature>
      <DocFeature>
        <name>PrintQuality</name>
        <resource_id>6195</resource_id>
        <help_id>15694</help_id>
        <select_option>FastDraft</select_option>



        <DocOption>
          <name>FastDraft</name>
          <bitmap_id>295</bitmap_id>
        </DocOption>


      </DocFeature>



      <DocFeature>
          <name>Duplex</name>
          <resource_id>6193</resource_id>
          <help_id>15487</help_id>
          <select_option>Off</select_option>

          <DocOption>
             <name>Off</name>
             <resource_id>1117</resource_id>
             <bitmap_id>349</bitmap_id>
          </DocOption>
          <DocOption>
             <name>Manually</name>
             <resource_id>4267</resource_id>
             <bitmap_id>353</bitmap_id>
          </DocOption> 
          <DocOption>
             <name>LeftEdgeBinding</name>
             <resource_id>4268</resource_id>
             <bitmap_id>355</bitmap_id>
          </DocOption>
          <DocOption>
             <name>RightEdgeBinding</name>
             <resource_id>4269</resource_id>
             <bitmap_id>357</bitmap_id>
          </DocOption>
      </DocFeature>

      <DocFeature>
          <name>PagesPerSheet</name>
          <resource_id>815</resource_id>
          <help_id>15480</help_id>
          <select_option>1</select_option>

          <DocOption>
             <name>1</name>
             <resource_id>3300</resource_id>
             <bitmap_id>329</bitmap_id>
          </DocOption>
          <DocOption>
             <name>2</name>
             <resource_id>3301</resource_id>
             <bitmap_id>331</bitmap_id>
          </DocOption>                
          <DocOption>
             <name>4</name>
             <resource_id>3302</resource_id>
             <bitmap_id>333</bitmap_id>
          </DocOption>
          <DocOption>
             <name>6</name>
             <resource_id>3303</resource_id>
             <bitmap_id>335</bitmap_id>
          </DocOption>
          <DocOption>
             <name>9</name>
             <resource_id>3304</resource_id>
             <bitmap_id>339</bitmap_id>
          </DocOption>
          <DocOption>
             <name>16</name>
             <resource_id>3305</resource_id>
             <bitmap_id>341</bitmap_id>
          </DocOption>
      </DocFeature>
      <DocFeature>
          <name>HPPrintInGrayScale</name>
          <resource_id>6574</resource_id>
          <help_id>15486</help_id>
          <select_option>False</select_option>
      
      <DocOption>
             <name>False</name>
             <bitmap_id>359</bitmap_id>
          </DocOption>
          <DocOption>
             <name>BlackOnly</name>
             <bitmap_id>363</bitmap_id>
          </DocOption>        
    </DocFeature>

    
      <DocFeature>

          <name>Resolution</name>

          <resource_id>4257</resource_id>

          <help_id>15694</help_id>

          <select_option>300dpi</select_option>

          <hidden>true</hidden>

 

          <DocOption>

            <name>300dpi</name>

            <bitmap_id>295</bitmap_id>

          </DocOption>

      </DocFeature>

     
    </DocSetting>
<DocSetting>
      <name>Booklet Printing</name>
      <resource_id>4405</resource_id>            
      <bitmap_id>283</bitmap_id>
      <custbitmap_id>299</custbitmap_id> 

      <DocFeature>
          <name>PaperSize</name>
          <resource_id>6190</resource_id>
          <help_id>15481</help_id>
          
          <!-- Locale Specific paper size defaults =============== -->
          <!-- US - 1, Portugal - 351, Japan - 81  -->          
          <switch>
              <name>LocaleID</name>
              <case>
                  <name>1</name>
                  <select_option>LETTER</select_option>
              </case>
              <case>
                  <name>351</name>
                  <select_option>A4</select_option>
              </case>
              <case>
                  <name>81</name>
                  <select_option>A4</select_option>
              </case>
              <case_default>
                  <select_option>A4</select_option>
              </case_default>
          </switch>
          <DocOption>
            <name>A5</name>
            <bitmap_id>306</bitmap_id>
          </DocOption>

          <DocOption>
            <name>EXECUTIVE</name>
            <bitmap_id>306</bitmap_id>
          </DocOption>

          <DocOption>
            <name>A4</name>
            <bitmap_id>306</bitmap_id>
          </DocOption>

          <DocOption>
            <name>LETTER</name>
            <bitmap_id>306</bitmap_id>
          </DocOption>

          <DocOption>
            <name>LEGAL</name>
            <bitmap_id>306</bitmap_id>
          </DocOption>
          
      </DocFeature>
      <DocFeature>
          <name>MediaType</name>
          <resource_id>6191</resource_id>
          <help_id>15483</help_id>
          <select_option>PLAIN</select_option>
                    
           <DocOption>
             <name>PLAIN</name>
             <bitmap_id>299</bitmap_id>
          </DocOption>
          
          <DocOption>
             <name>HP_BRIGHT_WHITE_INKJET_PAPER</name>
             <bitmap_id>299</bitmap_id>
          </DocOption>

          <DocOption>
             <name>HP_PREM_INKJET_PAPER</name>
             <bitmap_id>299</bitmap_id>
          </DocOption>
          <DocOption>
             <name>HP_PREM_INKJET_PRESENTATION_PAPER</name>
             <bitmap_id>299</bitmap_id>
          </DocOption>

          <DocOption>
             <name>OTHER_INKJET_PAPERS</name>
             <bitmap_id>299</bitmap_id>
          </DocOption>
      </DocFeature>
      
      <DocFeature>
          <name>PrintQuality</name>
          <resource_id>6195</resource_id>
          <help_id>15489</help_id>
          <select_option>Normal</select_option>



        <DocOption>
          <name>FastDraft</name>
          <bitmap_id>295</bitmap_id>
        </DocOption>


        <DocOption>
            <name>Normal</name>
            <bitmap_id>292</bitmap_id>
          </DocOption>
          
          <DocOption>
            <name>Best</name>
            <bitmap_id>290</bitmap_id>
          </DocOption>

       </DocFeature>

      

  <DocFeature>
    <name>Duplex</name>
    <resource_id>6193</resource_id>
    <help_id>15487</help_id>
    <select_option>Manually</select_option>

    <DocOption>
      <name>Off</name>
      <resource_id>1117</resource_id>
      <bitmap_id>349</bitmap_id>
    </DocOption>

    <DocOption>
      <name>Manually</name>
      <resource_id>4267</resource_id>
      <bitmap_id>353</bitmap_id>
    </DocOption>
    <DocOption>
      <name>LeftEdgeBinding</name>
      <resource_id>4268</resource_id>
      <bitmap_id>355</bitmap_id>
    </DocOption>

    <DocOption>
      <name>RightEdgeBinding</name>
      <resource_id>4269</resource_id>
      <bitmap_id>357</bitmap_id>
    </DocOption>

  </DocFeature>

      <DocFeature>

          <name>Orientation</name>
          <resource_id>6244</resource_id>
          <help_id>15479</help_id>
          <select_option>PORTRAIT</select_option>

          <DocOption>
             <name>PORTRAIT</name>
             <bitmap_id>310</bitmap_id>
          </DocOption>

          <DocOption>
             <name>LANDSCAPE_CC270</name>
             <bitmap_id>312</bitmap_id>
          </DocOption>

      </DocFeature>

    </DocSetting>
    <DocSetting>
      <name>Factory Defaults</name>
      <resource_id>5997</resource_id>
      <bitmap_id>325</bitmap_id>
      <custbitmap_id>326</custbitmap_id>      
    
  <DocFeature>
          <name>PaperSize</name>
          <resource_id>6190</resource_id>
          <help_id>15481</help_id>
          <!-- Locale Specific paper size defaults =============== -->
          <!-- US - 1, Portugal - 351, Japan - 81  -->          
          <switch>
              <name>LocaleID</name>
              <case>
                  <name>1</name>
                  <select_option>LETTER</select_option>
              </case>
              <case>
                  <name>351</name>
                  <select_option>A4</select_option>
              </case>
              <case>
                  <name>81</name>
                  <select_option>A4</select_option>
              </case>
              <case_default>
                  <select_option>A4</select_option>
              </case_default>
          </switch>
           <hidden>False</hidden>  
          <Disabled>True</Disabled>        
           

          <DocOption>
            <name>A4</name>
            <bitmap_id>306</bitmap_id>
          </DocOption>
          <DocOption>
            <name>LETTER</name>
            <bitmap_id>306</bitmap_id>
          </DocOption>
          
       
      </DocFeature>


      <DocFeature>
          <name>MediaType</name>
          <resource_id>6191</resource_id>
          <help_id>15483</help_id>
          <select_option>PLAIN</select_option>
           <hidden>False</hidden>  
          <Disabled>True</Disabled>        
        
          <DocOption>
             <name>PLAIN</name>
             <bitmap_id>299</bitmap_id>
          </DocOption>
          
          
      </DocFeature>

      <DocFeature>
          <name>PrintQuality</name>
          <resource_id>6195</resource_id>
          <help_id>15731</help_id>
          <select_option>Normal</select_option>
           <hidden>False</hidden>  
          <Disabled>True</Disabled>        
          
               

         <DocOption>
            <name>Normal</name>
            <bitmap_id>292</bitmap_id>
          </DocOption>          
          
               
      </DocFeature>

      <DocFeature>
          <name>Duplex</name>
          <resource_id>6193</resource_id>
          <help_id>15701</help_id>
          <select_option>Off</select_option>
           <hidden>False</hidden>  
          <Disabled>True</Disabled>        
           
          <DocOption>
             <name>Off</name>
             <resource_id>1117</resource_id>
             <bitmap_id>349</bitmap_id>
          </DocOption>
          
      </DocFeature>

      <DocFeature>
          <name>Orientation</name>
          <resource_id>6244</resource_id>
          <help_id>15479</help_id>
          <select_option>PORTRAIT</select_option>
           <hidden>False</hidden>  
          <Disabled>True</Disabled>        
          
          <DocOption>
             <name>PORTRAIT</name>
             <bitmap_id>310</bitmap_id>
          </DocOption>
          <DocOption>
            <name>LANDSCAPE_CC270</name>
            <bitmap_id>312</bitmap_id>
          </DocOption>


      </DocFeature>


    </DocSetting>  
</DocUISettings>
      
      <BorderlessSettings>
         <Borderless>
               <Borderless_Paper>HP_BORDERLESS_PHOTO_4_X_6_IN_WT</Borderless_Paper>
               <Paper>4_X_6_IN_WT</Paper>               
               <Overspray_Left>0.098</Overspray_Left>
               <Overspray_Right>0.118</Overspray_Right>
               <Overspray_Top>0.051</Overspray_Top>
               <Overspray_Bottom>0.102</Overspray_Bottom>
         </Borderless>
         <Borderless>
               <Borderless_Paper>HP_BORDERLESS_PHOTO_10_X_15_CM_WT</Borderless_Paper>
               <Paper>10_X_15_CM_WT</Paper>               
               <Overspray_Left>0.098</Overspray_Left>
               <Overspray_Right>0.118</Overspray_Right>
               <Overspray_Top>0.051</Overspray_Top>
               <Overspray_Bottom>0.102</Overspray_Bottom>
         </Borderless>
         <Borderless>
               <Borderless_Paper>HP_BORDERLESS_10_X_20_CM_WT</Borderless_Paper>
               <Paper>10_X_20_TAB</Paper>
               <Overspray_Left>0.098</Overspray_Left>
               <Overspray_Right>0.118</Overspray_Right>
               <Overspray_Top>0.051</Overspray_Top>
               <Overspray_Bottom>0.102</Overspray_Bottom>
         </Borderless>
         <Borderless>
               <Borderless_Paper>HP_BORDERLESS_4_x_8_IN_WT</Borderless_Paper>
              <Paper>4_X_8_IN_WT</Paper> 
               <Overspray_Left>0.098</Overspray_Left>
               <Overspray_Right>0.118</Overspray_Right>
               <Overspray_Top>0.051</Overspray_Top>
               <Overspray_Bottom>0.102</Overspray_Bottom>
         </Borderless>
        <Borderless>
               <Borderless_Paper>HP_BORDERLESS_HAGAKI_CARD_100x148</Borderless_Paper>
               <Paper>HAGAKI_CARD</Paper>
               <Overspray_Left>0.098</Overspray_Left>
               <Overspray_Right>0.118</Overspray_Right>
               <Overspray_Top>0.051</Overspray_Top>
               <Overspray_Bottom>0.137</Overspray_Bottom>
             </Borderless>
        <Borderless>
          <Borderless_Paper>HP_BORDERLESS_PHOTO_PANORAMA_10x25</Borderless_Paper>
          
          <Overspray_Left>0.098</Overspray_Left>
          <Overspray_Right>0.118</Overspray_Right>
          <Overspray_Top>0.051</Overspray_Top>
          <Overspray_Bottom>0.102</Overspray_Bottom>
        </Borderless>
        <Borderless>
          <Borderless_Paper>HP_BORDERLESS_PHOTO_PANORAMA_10x30</Borderless_Paper>
          
          <Overspray_Left>0.098</Overspray_Left>
          <Overspray_Right>0.118</Overspray_Right>
          <Overspray_Top>0.051</Overspray_Top>
          <Overspray_Bottom>0.102</Overspray_Bottom>
        </Borderless>
        <Borderless>
          <Borderless_Paper>HP_BORDERLESS_PHOTO_PANORAMA_4x10</Borderless_Paper>
          
          <Overspray_Left>0.098</Overspray_Left>
          <Overspray_Right>0.118</Overspray_Right>
          <Overspray_Top>0.051</Overspray_Top>
          <Overspray_Bottom>0.102</Overspray_Bottom>
        </Borderless>
        <Borderless>
          <Borderless_Paper>HP_BORDERLESS_PHOTO_PANORAMA_4x12</Borderless_Paper>
          
          <Overspray_Left>0.098</Overspray_Left>
          <Overspray_Right>0.118</Overspray_Right>
          <Overspray_Top>0.051</Overspray_Top>
          <Overspray_Bottom>0.102</Overspray_Bottom>
        </Borderless>
        </BorderlessSettings>

        <JobUIEventInfo>

          <JobUIEvent>
            <Name>JOBID_ BORDERLESS_BLACKCARTRIDGE</Name>
            <EntryPoint>E_STARTDOC</EntryPoint>
            <FunctionPtr>pfnCheckBorderlessWithOnlyBlackCartridge</FunctionPtr>
          </JobUIEvent>

        </JobUIEventInfo>
   </helper>
  </component>
  </software>
</device>

