<?xml version="1.0" encoding="UTF-8"?>
<!DOCTYPE device SYSTEM "hpzscw71.dtd">
<device>
   <software>
      <file_header>
         <file_name>hpj3500t.xml</file_name>
         <file_version>073.24600</file_version>
         <file_timestamp>02/12/2008</file_timestamp>
      </file_header>
      <component>
         <name>Mombi</name>
         <helper>
            <name></name>

            <events>
                <!--    =========================================    -->
                <!--                DMCInstallTime                   -->
                <!--     called during DMC Install Time (Import)     -->
                <!--    =========================================    -->

                <event>
                    <name>DMCInstallTime</name>
                    <macro_name>macro_PrintQualityImport</macro_name>
                </event>

                <!--    =========================================    -->
                <!--                DMCUpgradeTime                   -->
                <!--     called during DMC Upgrade Time (Export)     -->
                <!--    =========================================    -->

                <event>
                    <name>DMCUpgradeTime</name>
                    <macro_name>macro_PrintQualityExport</macro_name>
                </event>

            </events>
        
            <!-- put a name if we have multiple helpers-->
            <features>
            <feature>
                  <name>HPPhotoFix</name>
                  <macro_name>macro_HPPhotoFix</macro_name>
            </feature>

            <!-- ========================================= -->
            <!--     Emulate LaserJet Margins              -->
            <!-- ========================================= -->
                <feature>
                <name>HP_Emulate_Margins</name>
                <switch>
                <name>Paper_Dimensions</name>
                <case_default>
                      <data>200_200_200_200</data>
               </case_default>
               </switch>
               </feature>
            <!--  Features are Paper size, Media Type and Print Quality -->
             <!-- =========================================== -->
             <!--                  Paper Size                 -->
             <!-- =========================================== -->
             <feature>
                 <name>PaperSize</name>
                 <macro_name>macro_PaperSize</macro_name>
             </feature>
               <!-- ========================================= -->
               <!--                 MediaType                 -->
               <!-- ========================================= -->
               <feature>
                  <name>MediaType</name>
                  <macro_name>macro_MediaType</macro_name>
               </feature>
               <!-- ========================================= -->
               <!--           Print Quality Group             -->
               <!--   Options are as follows                  -->
               <!--   (a) PQGroup_1 - Best                    -->
               <!--   (b) PQGroup_2 - Normal                  -->
               <!--   (c) PQGroup_3 - FastDraft                    -->
               <!--   (d) PQGroup_4 - Fast Normal             -->
               <!--   (e) PQGroup_5 - 4800x1200             -->
               <!-- ========================================= -->
               <feature>
                  <name>PrintQualityGroup</name>
                  <macro_name>macro_PrintQualityGroup</macro_name>
               </feature>
              <feature>
                <name>Resolution</name>
                <macro_name>macro_resolution</macro_name>
              </feature>

              <feature>
                <name>CustomSize</name>
                <macro_name>macro_custom_size</macro_name>            
              </feature> 
            </features>
            <macros>
            
            <macro>
                  <name>macro_HPPhotoFix</name>
                         <switch>
                            <name>HPPhotoFix</name>
                                <case>
                                    <name>OFF</name>
                                    <select_option>HPRedEyeReduction.Off</select_option>
                                    <select_option>HPSmartFocus.Off</select_option>
                                    <select_option>HPContrast.On</select_option>
                                    <select_option>HPDigitalFlash.On</select_option>
                                    <select_option>HPSharpness.On</select_option>
                                    <select_option>HPSmoothing.On</select_option>
                                </case>
                                <case>
                                    <name>BASIC</name>
                                    <select_option>HPRedEyeReduction.Off</select_option>
                                    <select_option>HPSmartFocus.On</select_option>
                                    <select_option>HPContrast.On</select_option>
                                    <select_option>HPDigitalFlash.On</select_option>
                                    <select_option>HPSharpness.Low</select_option>
                                    <select_option>HPSmoothing.On</select_option>
                                </case>
                                <case>
                                    <name>FULL</name>
                                    <select_option>HPRedEyeReduction.On</select_option>
                                    <select_option>HPSmartFocus.On</select_option>
                                    <select_option>HPContrast.Off</select_option>
                                    <select_option>HPDigitalFlash.Off</select_option>
                                    <select_option>HPSharpness.Off</select_option>
                                    <select_option>HPSmoothing.On</select_option>
                                </case>
                    </switch>
         </macro>


             <macro>
                <name>macro_Resolution</name>
                <switch>
                  <name>Resolution</name>
                  <case>
                    <name>300dpi</name>
                    <select_option>PrintQualityGroup.PQGroup_3</select_option>
                    <select_option>PrintQuality.FastDraft</select_option>
                  </case>
                  <case>
                    <name>600dpi</name>
                    <select_option>PrintQualityGroup.PQGroup_1</select_option>
                    <select_option>PrintQuality.Best</select_option>
                  </case>
                   

                </switch>
                <call>macro_PQ_PhotoFix</call>
              </macro>
            
                       <macro>
                <name>macro_pop_up_4800_1200_warning</name>
                <title>3434</title>
                <string_id>5328</string_id>
                <checkbox_present>TRUE</checkbox_present>
                <butt1>6420</butt1>
                <showpopup>MODAL_DLG</showpopup>
            </macro>
            <macro>
            <name>macro_pop_up_Borderless_BlkCartridge</name>
              <title>4328</title>                   
              <string_id>4329</string_id>    
              <butt1>849</butt1>                                                                
              <showpopup>MODAL_DLG</showpopup>                     
            </macro>
            
             <macro>
            <name>macro_PaperSize</name>               
                 <select_option>MediaType.PLAIN</select_option>             
              <call>macro_MediaType</call>
          </macro>
          <macro>
            <name>macro_Mediatype_to_PaperSize</name>
                 <select_option>PaperSize.LETTER</select_option>
          </macro>
          <macro>
            <name>macro_custom_paper_size</name>
            <select_option>MediaType.PLAIN</select_option>
          </macro>
               <!-- ========================================= -->
               <!--                 MediaType                 -->
               <!-- ========================================= -->
           <macro>
              <name>macro_MediaType</name>
              <!-- ========================================= -->
              <!-- First macro statement                     -->
              <!-- determines which PQ options are           -->
              <!-- displayed for each media type, and        -->
              <!-- select a default PQ option                -->
              <!-- ========================================= -->
          <switch>
            <name>MediaType</name>
              
              <case>
                <name>PLAIN</name>
                <enable_option>PrintQualityGroup.PQGroup_1</enable_option>
                <enable_option>PrintQualityGroup.PQGroup_2</enable_option>
                <enable_option>PrintQualityGroup.PQGroup_3</enable_option>
                <select_option>PrintQualityGroup.PQGroup_2</select_option>
              </case>
              
			    
                  </switch>
                  <!-- ========================================= -->
                  <!-- Second macro statement                    -->
                  <!-- invokes the Print Quality macro           -->
                  <!-- to make selections to Resolution etc      -->
                  <!-- ========================================= -->
                  <call>macro_PrintQualityGroup</call>
               </macro>
               <!-- ========================================= -->
               <!--                 Print Quality             -->
               <!--                                           -->
               <!-- Print Quality macro can be invoked either -->
               <!-- 1. by the Media Type macro, or            -->
               <!-- 2. when the user explicitly selects a PQ  -->
               <!--    setting from the Print Quality control -->
               <!-- ========================================= -->
               <macro>
                  <name>macro_PQ_PhotoFix</name>
                      <switch>
                     <name>PrintQualityGroup</name>     
                         <case>
                        <name>PQGroup_1</name>
                       <select_option>PrintQuality.Best</select_option>
                        <select_option>HPPhotoFix.BASIC</select_option>
                        <resource_id>3996</resource_id>
                        <resource_id>3996</resource_id>
                        <resource_id>968</resource_id>
                     </case>
               
                   <case>
                        <name>PQGroup_2</name>
                        
                        <select_option>PrintQuality.Normal</select_option>
                        <select_option>HPPhotoFix.BASIC</select_option>                        
                        <resource_id>3996</resource_id>
                        <resource_id>3996</resource_id>
                        <resource_id>968</resource_id>
                      <call>macro_PrintQualityGroup_PQGroup_2</call>
                     </case>
                     <case>
                        <name>PQGroup_3</name>
                       
                        <select_option>PrintQuality.FastDraft</select_option>
                        <select_option>HPPhotoFix.OFF</select_option>
                        <resource_id>3995</resource_id>
                        <resource_id>3995</resource_id>
                        <resource_id>968</resource_id>
                       <call>macro_PrintQualityGroup_PQGroup_3</call>
                     </case>
                     
						  
                  </switch>
                  <call>macro_HPPhotoFix</call> 
                  </macro>
               
               
               <macro>
                  <name>macro_PrintQualityGroup</name>
                  <switch>
                     <name>PrintQualityGroup</name>
                     <case>
                        <name>PQGroup_1</name>
                        <select_option>Resolution.600dpi</select_option>
                        <select_option>PrintQuality.Best</select_option>
                        
                        <resource_id>3996</resource_id>
                        <resource_id>3996</resource_id>
                        <resource_id>968</resource_id>
                        
                     </case>
                     <case>
                        <name>PQGroup_2</name>
                        <select_option>Resolution.600dpi</select_option>
                        <select_option>PrintQuality.Normal</select_option>
                        
                        <resource_id>3996</resource_id>
                        <resource_id>3996</resource_id>
                        <resource_id>968</resource_id>
                       <call>macro_PrintQualityGroup_PQGroup_2</call>
                     </case>
                     <case>
                        <name>PQGroup_3</name>
                        <select_option>Resolution.300dpi</select_option>
                        <select_option>PrintQuality.FastDraft</select_option>
                        
                        <resource_id>3995</resource_id>
                        <resource_id>3995</resource_id>
                        <resource_id>968</resource_id>
                       <call>macro_PrintQualityGroup_PQGroup_3</call>
                     </case>
                     
                      
                  </switch>
               </macro>
   <macro>
               <name>macro_PrintQualityGroup_PQGroup_2</name>              

                
                    <select_option>Resolution.600dpi</select_option>
                    <resource_id>3996</resource_id>
                    <resource_id>3996</resource_id>
                    <resource_id>968</resource_id>
                  
               </macro>

              <macro>
               <name>macro_PrintQualityGroup_PQGroup_3</name>               

                    <select_option>Resolution.300dpi</select_option>
                    <resource_id>3995</resource_id>
                    <resource_id>3995</resource_id>
                    <resource_id>968</resource_id>    
			  </macro>


              



               <!-- ========================================= -->
               <!--    Print Quality Import                   -->
               <!--   Mapping is as follows                   -->
               <!--   (a) Best         - PQGroup_1            -->
               <!--   (b) Normal       - PQGroup_2            -->
               <!--   (c) FastDraft    - PQGroup_3            -->
               <!--   (d) FastNormal   - PQGroup_4            -->
               <!--   (e) 4800x1200  - PQGroup_5            -->
               <!-- Print Quality options have single level   -->
               <!-- association only                          -->
               <!-- ========================================= -->
               <macro>
                  <name>macro_PrintQualityImport</name>
                  <switch>
                     <name>PrintQualityImport</name>
                     <case>
                        <name>Best</name>
                        <map_option>PQGroup_1</map_option>
                     </case>
                     <case>
                        <name>Normal</name>
                        <map_option>PQGroup_2</map_option>
                     </case>
                     <case>
                        <name>FastDraft</name>
                        <map_option>PQGroup_3</map_option>
                     </case>
                     
                     
                      
                  </switch>
                  <call>macro_PrintQualityGroup</call>
               </macro>
               <!-- ========================================= -->
               <!--    Print Quality Export                   -->
               <!--   Mapping is as follows                   -->
               <!--   (a) Best         - PQGroup_1            -->
               <!--   (b) Normal       - PQGroup_2            -->
               <!--   (c) FastDraft    - PQGroup_3            -->
               <!--   (d) FastNormal   - PQGroup_4            -->
               <!--   (e) 4800x1200  - PQGroup_5            -->
               <!-- Print Quality options have single level   -->
               <!-- association only                          -->
               <!-- ========================================= -->
               <macro>
                  <name>macro_PrintQualityExport</name>
                  <switch>
                     <name>PrintQualityExport</name>
                     <case>
                        <name>PQGroup_1</name>
                        <unmap_option>Best</unmap_option>
                     </case>
                     <case>
                        <name>PQGroup_2</name>
                        <unmap_option>Normal</unmap_option>
                     </case>
                     <case>
                        <name>PQGroup_3</name>
                        <unmap_option>FastDraft</unmap_option>
                     </case>
                     
                      
                  </switch>
               </macro>
              <macro>
                    <name>macro_pop_up_4800_1200_warning</name>
                    <title>3356</title>
                    <icon>MB_ICONWARNING</icon> 
                    <string_id>4657</string_id>
                    <butt1>849</butt1>
                    <showpopup>MSG_BOX</showpopup>
                </macro>
              <macro>
                <name>macro_pop_up_CustomPaper</name>
                <title>876</title> 
                <icon>MB_ICONWARNING</icon>
                <string_id>4254</string_id>    
                <message_type>MB_OK</message_type>                                     
                <showpopup>MSG_BOX</showpopup>                     
              </macro>
              <macro>
                <name>macro_custom_size</name>
                <option_name>min_width.76200</option_name>
                <option_name>max_width.215900</option_name>
                <option_name>min_length.127000</option_name>
                <option_name>max_length.355600</option_name>
              </macro>
              <macro>
                <name>macro_pop_up_MinimizeMargin</name>
                <title>876</title> 
                <icon>MB_ICONWARNING</icon>
                <string_id>5340</string_id>    
                <message_type>MB_OKCANCEL</message_type>                                     
                <showpopup>MSG_BOX</showpopup>                     
              </macro>
              
            </macros>
            <presets>
                <presetenglish>
                    <name>Default Print Settings</name> 
                    <resource_id>3041</resource_id> 
                    <setting>MediaType.PLAIN</setting>
                    <setting>PrintQualityGroup.PQGroup_2</setting>
                    <setting>PrintQuality.Normal</setting>
                    <setting>Resolution.600dpi</setting> 
                </presetenglish>
                <presetjapanese>
                    <name>Default Print Settings</name>
                    <resource_id>3041</resource_id>
                    <setting>PaperSize.A4</setting>
                    <setting>MediaType.PLAIN</setting>
                    <setting>PrintQualityGroup.PQGroup_2</setting>
                    <setting>Resolution.600dpi</setting>
                </presetjapanese>
            </presets>
            
            <groups>
           
        
			 <group>
				 <groupname>PaperSize</groupname>
				 <subgroup>
					 <subgroupname>Document sizes</subgroupname>
					 <resource_id>5050</resource_id>					 
					 <name type="Metric">A5</name>
					 <name type="Metric">B5</name>
					 <name type="Metric">A4</name>
					 <name type="English">LETTER</name>
					 <name type="English">LEGAL</name>
					 <name type="All">EXECUTIVE</name>
				 </subgroup>

				 <subgroup>
					 <subgroupname>Photo sizes</subgroupname>
					 <resource_id>5053</resource_id>
					 <name type="Metric">E_SIZE</name>
					 <name type="Metric">HAGAKI_CARD</name>
					 <name type="Metric">A6</name>
					 <name type="Metric">13_X_18_IN</name>
					 <name type="English">PHOTO_5X7_IN</name>
					 <name type="All">PHOTO_8X10_IN</name>
					  
				 </subgroup>
				 <subgroup>
					 <subgroupname>Envelopes</subgroupname>
					 <resource_id>5055</resource_id>
					 <name type="All">ENV_10</name>					 
					 <name type="Metric">ENV_DL</name>
					 <name type="Metric">ENV_A2</name>
					 <name type="Metric">ENV_C6</name>
				 </subgroup>

				 <subgroup>
					 <subgroupname>Index cards</subgroupname>
					 <resource_id>5056</resource_id>
					 <name type="English">INDEX_CARD_3X5</name>
					 <name type="English">INDEX_CARD_4X6</name>
					 <name type="English">INDEX_CARD_5X8</name>
				 </subgroup>
				  
			 </group>
			 </groups>


			 <DocUISettings>
				 <DocSetting>
					 <name>General Everyday Printing</name>
					 <resource_id>4404</resource_id>
					 <bitmap_id>289</bitmap_id>
					 <custbitmap_id>305</custbitmap_id>

					 <DocFeature>
						 <name>PaperSize</name>
						 <resource_id>6190</resource_id>
						 <help_id>15691</help_id>

						 <!-- Locale Specific paper size defaults =============== -->
						 <!-- US - 1, Portugal - 351, Japan - 81  -->
						 <switch>
							 <name>LocaleID</name>
							 <case>
								 <name>1</name>
								 <select_option>LETTER</select_option>
							 </case>
							 
							 <case_default>
								 <select_option>A4</select_option>
							 </case_default>
						 </switch>


						 <DocOption>
							 <name>A4</name>
							 <bitmap_id>306</bitmap_id>
						 </DocOption>
						 <DocOption>
							 <name>LETTER</name>
							 <bitmap_id>306</bitmap_id>
						 </DocOption>
						 <DocOption>
							 <name>LEGAL</name>
							 <bitmap_id>306</bitmap_id>
						 </DocOption>

					 </DocFeature>

					 <DocFeature>
						 <name>MediaType</name>
						 <resource_id>6191</resource_id>
						 <help_id>15483</help_id>
						 <select_option>PLAIN</select_option>

						 <DocOption>
							 <name>PLAIN</name>
							 <bitmap_id>299</bitmap_id>
						 </DocOption>
					 </DocFeature>

					 <DocFeature>
						 <name>PrintQuality</name>
						 <resource_id>6195</resource_id>
						 <help_id>15694</help_id>
						 <select_option>Normal</select_option>

						 <DocOption>
							 <name>FastDraft</name>
							 <bitmap_id>295</bitmap_id>
						 </DocOption>
						
						 <DocOption>
							 <name>Normal</name>
							 <bitmap_id>292</bitmap_id>
						 </DocOption>
						 <DocOption>
							 <name>Best</name>
							 <bitmap_id>290</bitmap_id>
						 </DocOption>
              
					 </DocFeature>
 
					 <DocFeature>
						 <name>Orientation</name>
						 <resource_id>6244</resource_id>
						 <help_id>15479</help_id>
						 <select_option>PORTRAIT</select_option>

						 <DocOption>
							 <name>PORTRAIT</name>
							 <bitmap_id>310</bitmap_id>
						 </DocOption>
						 <DocOption>
							 <name>LANDSCAPE_CC270</name>
							 <bitmap_id>312</bitmap_id>
						 </DocOption>
					 </DocFeature>



				 </DocSetting>

				 
				 <DocSetting>
					 <name>Fast/Economical Printing</name>
					 <resource_id>4278</resource_id>
					 <bitmap_id>286</bitmap_id>
					 <custbitmap_id>302</custbitmap_id>

					 <DocFeature>
						 <name>PaperSize</name>
						 <resource_id>6190</resource_id>
						 <help_id>15691</help_id>

						 <!-- Locale Specific paper size defaults =============== -->
						 <!-- US - 1, Portugal - 351, Japan - 81  -->
						 <switch>
							 <name>LocaleID</name>
							 <case>
								 <name>1</name>
								 <select_option>LETTER</select_option>
							 </case>
					 	 <case_default>
								 <select_option>A4</select_option>
							 </case_default>
						 </switch>

						 <DocOption>
							 <name>A5</name>
							 <bitmap_id>306</bitmap_id>
						 </DocOption>
						 <DocOption>
							 <name>EXECUTIVE</name>
							 <bitmap_id>306</bitmap_id>
						 </DocOption>
						 <DocOption>
							 <name>A4</name>
							 <bitmap_id>306</bitmap_id>
						 </DocOption>
						 <DocOption>
							 <name>LETTER</name>
							 <bitmap_id>306</bitmap_id>
						 </DocOption>
						 <DocOption>
							 <name>LEGAL</name>
							 <bitmap_id>306</bitmap_id>
						 </DocOption>

						 <DocOption>
							 <name>A6</name>
							 <bitmap_id>306</bitmap_id>
						 </DocOption>
						 <DocOption>
							 <name>INDEX_CARD_4X6</name>
							 <bitmap_id>306</bitmap_id>
						 </DocOption>
						 <DocOption>
							 <name>INDEX_CARD_5X8</name>
							 <bitmap_id>306</bitmap_id>
						 </DocOption>
					 </DocFeature>

					 <DocFeature>
						 <name>MediaType</name>
						 <resource_id>6191</resource_id>
						 <help_id>15483</help_id>
						 <select_option>PLAIN</select_option>

						 <DocOption>
							 <name>PLAIN</name>
							 <bitmap_id>299</bitmap_id>
						 </DocOption>
					 </DocFeature>

					 <DocFeature>
						 <name>PrintQuality</name>
						 <resource_id>6195</resource_id>
						 <help_id>15694</help_id>
						 <select_option>FastDraft</select_option>

                      <DocOption>
							 <name>FastDraft</name>
							 <bitmap_id>295</bitmap_id>
						 </DocOption>
					 		 </DocFeature>
					  

					 <DocFeature>
						 <name>PagesPerSheet</name>
						 <resource_id>815</resource_id>
						 <help_id>15480</help_id>
						 <select_option>1</select_option>

						 <DocOption>
							 <name>1</name>
							 <resource_id>3300</resource_id>
							 <bitmap_id>329</bitmap_id>
						 </DocOption>
						 <DocOption>
							 <name>2</name>
							 <resource_id>3301</resource_id>
							 <bitmap_id>331</bitmap_id>
						 </DocOption>
						 <DocOption>
							 <name>4</name>
							 <resource_id>3302</resource_id>
							 <bitmap_id>333</bitmap_id>
						 </DocOption>
						 <DocOption>
							 <name>6</name>
							 <resource_id>3303</resource_id>
							 <bitmap_id>335</bitmap_id>
						 </DocOption>
						 <DocOption>
							 <name>9</name>
							 <resource_id>3304</resource_id>
							 <bitmap_id>339</bitmap_id>
						 </DocOption>
						 <DocOption>
							 <name>16</name>
							 <resource_id>3305</resource_id>
							 <bitmap_id>341</bitmap_id>
						 </DocOption>
					 </DocFeature>
					
                </DocSetting>

				  <DocSetting>
					 <name>Factory Defaults</name>
					 <resource_id>5997</resource_id>
					 <bitmap_id>325</bitmap_id>
					 <custbitmap_id>326</custbitmap_id>

					 <DocFeature>
						 <name>PaperSize</name>
						 <resource_id>6190</resource_id>
						 <help_id>15481</help_id>
						 <!-- Locale Specific paper size defaults =============== -->
						 <!-- US - 1, Portugal - 351, Japan - 81  -->
						 <switch>
							 <name>LocaleID</name>
							 <case>
								 <name>1</name>
								 <select_option>LETTER</select_option>
							 </case>
							  <case_default>
								 <select_option>A4</select_option>
							 </case_default>
						 </switch>
						 <hidden>False</hidden>
						 <Disabled>True</Disabled>
					 <DocOption>
							 <name>A4</name>
							 <bitmap_id>306</bitmap_id>
						 </DocOption>
						 <DocOption>
							 <name>LETTER</name>
							 <bitmap_id>306</bitmap_id>
						 </DocOption>
      				 </DocFeature>


					 <DocFeature>
						 <name>MediaType</name>
						 <resource_id>6191</resource_id>
						 <help_id>15483</help_id>
						 <select_option>PLAIN</select_option>
						 <hidden>False</hidden>
						 <Disabled>True</Disabled>
						 <DocOption>
							 <name>PLAIN</name>
							 <bitmap_id>299</bitmap_id>
						 </DocOption>

                     </DocFeature>

					 <DocFeature>
						 <name>PrintQuality</name>
						 <resource_id>6195</resource_id>
						 <help_id>15731</help_id>
						 <select_option>Normal</select_option>
						 <hidden>False</hidden>
						 <Disabled>True</Disabled>
						 <DocOption>
							 <name>Normal</name>
							 <bitmap_id>292</bitmap_id>
						 </DocOption>
					 </DocFeature>
					 

					  <DocFeature>
						  <name>HPPrintInGrayScale</name>
						  <resource_id>5290</resource_id>
						  <help_id>15486</help_id>
						  <select_option>BlackOnly</select_option>
						  <hidden>False</hidden>
						  <Disabled>True</Disabled>

						  <DocOption>
							  <name>BlackOnly</name>
							  <bitmap_id>363</bitmap_id>
						  </DocOption>
					  </DocFeature>

					
					  
					 <DocFeature>
						 <name>Orientation</name>
						 <resource_id>6244</resource_id>
						 <help_id>15479</help_id>
						 <select_option>PORTRAIT</select_option>
						 <hidden>False</hidden>
						 <Disabled>True</Disabled>

						 <DocOption>
							 <name>PORTRAIT</name>
							 <bitmap_id>310</bitmap_id>
						 </DocOption>
						 <DocOption>
							 <name>LANDSCAPE_CC270</name>
							 <bitmap_id>312</bitmap_id>
						 </DocOption>
					 </DocFeature>
					  <DocFeature>
						  <name>Resolution</name>
						  <resource_id>4257</resource_id>
						  <help_id>15694</help_id>
						  <select_option>300dpi</select_option>
						  <hidden>true</hidden>
						  <DocOption>
							  <name>300dpi</name>
							  <bitmap_id>295</bitmap_id>
						  </DocOption>
					  </DocFeature>
					  
				 </DocSetting>

	       </DocUISettings>


			 <JobUIEventInfo>
            
            <JobUIEvent>
                    <Name>JOBID_ BORDERLESS_BLACKCARTRIDGE</Name>
                    <EntryPoint>E_STARTDOC</EntryPoint>
                    <FunctionPtr>pfnCheckBorderlessWithOnlyBlackCartridge</FunctionPtr>
            </JobUIEvent>
            
        </JobUIEventInfo>
   </helper>
  </component>
  </software>
</device>

