<?xml version="1.0" encoding="UTF-8"?>
<!DOCTYPE device SYSTEM "hpzscw71.dtd">
<device>
   <software>
      <file_header>
         <file_name>hpoa520t.xml</file_name>
         <file_version>071.24400</file_version>
         <file_timestamp>03/15/2007</file_timestamp>
      </file_header>
      <component>
         <name>Mombi</name>
         <helper>
            <name></name>
            <events><!--    =========================================    --><!--                DMCInstallTime                   --><!--     called during DMC Install Time (Import)     --><!--    =========================================    -->
          <event>
            <name>DMCInstallTime</name>
            <macro_name>macro_PrintQualityImport</macro_name>
          </event><!--    =========================================    --><!--                DMCUpgradeTime                   --><!--     called during DMC Upgrade Time (Export)     --><!--    =========================================    -->
          <event>
            <name>DMCUpgradeTime</name>
            <macro_name>macro_PrintQualityExport</macro_name>
          </event>
        </events>
        
            <!-- put a name if we have multiple helpers-->
            <features>
            <!-- ========================================= -->
            <!--     Emulate LaserJet Margins              -->
            <!-- ========================================= -->
               <feature>
                <name>HP_Emulate_Margins</name>
                <switch>
                <name>Paper_Dimensions</name>
               <case_default>
                      <data>200_200_200_200</data>
               </case_default>
               </switch>
               </feature>
            <!--  Features are Paper size, Media Type and Print Quality -->
             <!-- =========================================== -->
             <!--                  Paper Size                 -->
             <!-- =========================================== -->
             <feature>
                 <name>PaperSize</name>
                 <macro_name>macro_PaperSize</macro_name>
             </feature>
               <!-- ========================================= -->
               <!--                 MediaType                 -->
               <!-- ========================================= -->
               <feature>
                  <name>MediaType</name>
                  <macro_name>macro_MediaType</macro_name>
               </feature>
               <!-- ========================================= -->
               <!--           Print Quality Group             -->
               <!--   Options are as follows                  -->
               <!--   (a) PQGroup_1 - Best                    -->
               <!--   (b) PQGroup_2 - Normal                  -->
               <!--   (c) PQGroup_3 - FastDraft                    -->
               <!--   (d) PQGroup_4 - Fast Normal             -->
               <!--   (e) PQGroup_5 - HighResMode             -->
               <!-- ========================================= -->
               <feature>
                  <name>PrintQualityGroup</name>
                  <macro_name>macro_PrintQualityGroup</macro_name>
               </feature>
               <feature>
                  <name>HPPhotoFix</name>
                  <macro_name>macro_HPPhotoFix</macro_name>
               </feature>
               <feature>
                  <name>Resolution</name>
                  <macro_name>macro_resolution</macro_name>
            </feature>
              

            </features>
            <macros>
            
            <macro>
                  <name>macro_Resolution</name>
                  <switch>
                     <name>Resolution</name>
                     
                    <case>
                        <name>600dpi</name>                     
                          <select_option>PrintQualityGroup.PQGroup_1</select_option> 
                          <select_option>PrintQuality.Best</select_option>                         
                    </case>
                    <case>
                        <name>1200dpi</name>                     
                          <select_option>PrintQualityGroup.PQGroup_5</select_option>  
                          <select_option>PrintQuality.4800x1200</select_option>                       
                    </case>
                    </switch>
                     <call>macro_PQ_PhotoFix</call>
                </macro>
            
            <macro>
            <name>macro_pop_up_Photo_BlackOnly</name>
              <title>4326</title>                   
              <string_id>4327</string_id>    
              <butt1>4380</butt1>
              <butt2>4342</butt2>                                                  
              <showpopup>MODAL_DLG</showpopup>                     
            </macro>


              <macro>
                <name>macro_pop_up_4800_1200_warning</name>
                <title>3434</title>
                <string_id>5328</string_id>
                <checkbox_present>TRUE</checkbox_present>
                <butt2>6420</butt2>
                <showpopup>MODAL_DLG</showpopup>
              </macro>


              <macro>
            <name>macro_pop_up_Black_PhotoCartridge</name>
              <title>4324</title>                   
              <string_id>4325</string_id>    
              <butt1>4380</butt1>
              <butt2>4342</butt2>                                                  
              <showpopup>MODAL_DLG</showpopup>                     
            </macro>
<!-- ====================    NonHP INK    ========================= -->
            
<!--===========    NonHP Cartridge    ====================== -->
            
<!--===============    Used Cartridge  ========================= -->      
            
<!--=================   End OF Smart JobUI   ============================= -->
            <macro>
            <name>macro_pop_up_Borderless_BlkCartridge</name>
              <title>4328</title>                   
              <string_id>4329</string_id>    
              <butt1>849</butt1>                                                                
              <showpopup>MODAL_DLG</showpopup>                     
            </macro>

            
            <macro>
            <name>macro_PaperSize</name>
            <switch>
              <name>PaperSize</name>
               <case>
                  <name>HP_BORDERLESS_PHOTO_PANORAMA_10x30</name>
                  <select_option>MediaType.HP_PREMIUM_PHOTO_PAPER</select_option>
               </case>
               <case>
                  <name>HP_BORDERLESS_PHOTO_PANORAMA_4x12</name>
                  <select_option>MediaType.HP_PREMIUM_PHOTO_PAPER</select_option>
               </case>
               <case>
                  <name>HP_PANORAMA_4x12_IN</name>
                  <select_option>MediaType.HP_PREMIUM_PHOTO_PAPER</select_option>
               </case>
               <case>
                  <name>HP_PANORAMA_10_x_30</name>
                  <select_option>MediaType.HP_PREMIUM_PHOTO_PAPER</select_option>
               </case>
               <case>
                  <name>INDEX_CARD_4X6</name>
                  <select_option>MediaType.PLAIN</select_option>
               </case>
              <case>
                  <name>HP_BORDERLESS_HAGAKI_CARD_100x148</name>
                  <select_option>MediaType.HP_INKJET_HAGAKI</select_option>
               </case>
              <case>
                  <name>HAGAKI_CARD</name>
                  <select_option>MediaType.HP_INKJET_HAGAKI</select_option>
               </case>
               <case_default>
                 <select_option>MediaType.HP_ADVANCED_PHOTO_PAPER</select_option>
               </case_default>
            </switch>
              <call>macro_MediaType</call>
          </macro>
          <macro>
            <name>macro_Mediatype_to_PaperSize</name>
                 <select_option>PaperSize.HP_BORDERLESS_PHOTO_4_X_6_IN</select_option>
          </macro>
          
               <!-- ========================================= -->
               <!--                 MediaType                 -->
               <!-- ========================================= -->
           <macro>
              <name>macro_MediaType</name>
              <!-- ========================================= -->
              <!-- First macro statement                     -->
              <!-- determines which PQ options are           -->
              <!-- displayed for each media type, and        -->
              <!-- select a default PQ option                -->
              <!-- ========================================= -->
          <switch>
            <name>MediaType</name>
              <case>
                <name>PLAIN</name>
                <enable_option>PrintQualityGroup.PQGroup_1</enable_option>
                <enable_option>PrintQualityGroup.PQGroup_2</enable_option>
                <enable_option>PrintQualityGroup.PQGroup_4</enable_option>
                  <switch>
                      <name>HPMaxDpi</name>
                      <case>
                          <name>False</name>
                          <hide_option>PrintQualityGroup.PQGroup_5</hide_option>
                      </case>
                      <case>
                          <name>True</name>
                          <enable_option>PrintQualityGroup.PQGroup_5</enable_option>
                      </case>
                  </switch>
                <select_option>PrintQualityGroup.PQGroup_1</select_option>
              </case>
              <case>
                <name>HP_PREMIUM_PHOTO_PAPER</name>
                <enable_option>PrintQualityGroup.PQGroup_1</enable_option>
                <enable_option>PrintQualityGroup.PQGroup_2</enable_option>
               <enable_option>PrintQualityGroup.PQGroup_4</enable_option>
                  <switch>
                      <name>HPMaxDpi</name>
                      <case>
                          <name>False</name>
                          <hide_option>PrintQualityGroup.PQGroup_5</hide_option>
                      </case>
                      <case>
                          <name>True</name>
                          <enable_option>PrintQualityGroup.PQGroup_5</enable_option>
                      </case>
                  </switch>
                <select_option>PrintQualityGroup.PQGroup_1</select_option>
              </case>
              <case>
                <name>HP_ADVANCED_PHOTO_PAPER</name>
                <enable_option>PrintQualityGroup.PQGroup_1</enable_option>
                <enable_option>PrintQualityGroup.PQGroup_2</enable_option>
                <enable_option>PrintQualityGroup.PQGroup_4</enable_option>
                  <switch>
                      <name>HPMaxDpi</name>
                      <case>
                          <name>False</name>
                          <hide_option>PrintQualityGroup.PQGroup_5</hide_option>
                      </case>
                      <case>
                          <name>True</name>
                          <enable_option>PrintQualityGroup.PQGroup_5</enable_option>
                      </case>
                  </switch>
                <select_option>PrintQualityGroup.PQGroup_1</select_option>
              </case>
              <case>
                <name>HP_PHOTO_PAPER_GLOSSY</name>
                <enable_option>PrintQualityGroup.PQGroup_1</enable_option>
                <enable_option>PrintQualityGroup.PQGroup_2</enable_option>
                <enable_option>PrintQualityGroup.PQGroup_4</enable_option>
                  <switch>
                      <name>HPMaxDpi</name>
                      <case>
                          <name>False</name>
                          <hide_option>PrintQualityGroup.PQGroup_5</hide_option>
                      </case>
                      <case>
                          <name>True</name>
                          <enable_option>PrintQualityGroup.PQGroup_5</enable_option>
                      </case>
                  </switch>
                <select_option>PrintQualityGroup.PQGroup_1</select_option>
              </case>
              <case>
                <name>HP_EVERYDAY_PHOTO_PAPER_SEMI_GLOSS</name>
                <enable_option>PrintQualityGroup.PQGroup_1</enable_option>
                <enable_option>PrintQualityGroup.PQGroup_2</enable_option>
                <enable_option>PrintQualityGroup.PQGroup_4</enable_option>
                  <switch>
                      <name>HPMaxDpi</name>
                      <case>
                          <name>False</name>
                          <hide_option>PrintQualityGroup.PQGroup_5</hide_option>
                      </case>
                      <case>
                          <name>True</name>
                          <enable_option>PrintQualityGroup.PQGroup_5</enable_option>
                      </case>
                  </switch>
                <select_option>PrintQualityGroup.PQGroup_1</select_option>
              </case>
              <case>
                <name>OTHER_PHOTO_PAPER</name>
                <enable_option>PrintQualityGroup.PQGroup_1</enable_option>
                <enable_option>PrintQualityGroup.PQGroup_2</enable_option>
                <enable_option>PrintQualityGroup.PQGroup_4</enable_option>
                  <switch>
                      <name>HPMaxDpi</name>
                      <case>
                          <name>False</name>
                          <hide_option>PrintQualityGroup.PQGroup_5</hide_option>
                      </case>
                      <case>
                          <name>True</name>
                          <enable_option>PrintQualityGroup.PQGroup_5</enable_option>
                      </case>
                  </switch>
                <select_option>PrintQualityGroup.PQGroup_1</select_option>
              </case>
              <case>
                <name>HP_PLAIN_HAGAKI</name>
                <enable_option>PrintQualityGroup.PQGroup_1</enable_option>
                <enable_option>PrintQualityGroup.PQGroup_2</enable_option>
                <enable_option>PrintQualityGroup.PQGroup_4</enable_option>
                  <switch>
                      <name>HPMaxDpi</name>
                      <case>
                          <name>False</name>
                          <hide_option>PrintQualityGroup.PQGroup_5</hide_option>
                      </case>
                      <case>
                          <name>True</name>
                          <enable_option>PrintQualityGroup.PQGroup_5</enable_option>
                      </case>
                  </switch>
                <select_option>PrintQualityGroup.PQGroup_1</select_option>
              </case>
              <case>
                <name>HP_INKJET_HAGAKI</name>
                <enable_option>PrintQualityGroup.PQGroup_1</enable_option>
                <enable_option>PrintQualityGroup.PQGroup_2</enable_option>
                 <enable_option>PrintQualityGroup.PQGroup_4</enable_option>
                  <switch>
                      <name>HPMaxDpi</name>
                      <case>
                          <name>False</name>
                          <hide_option>PrintQualityGroup.PQGroup_5</hide_option>
                      </case>
                      <case>
                          <name>True</name>
                          <enable_option>PrintQualityGroup.PQGroup_5</enable_option>
                      </case>
                  </switch>
                <select_option>PrintQualityGroup.PQGroup_1</select_option>
              </case>
              <case>
                <name>HP_PHOTO_HAGAKI</name>
                <enable_option>PrintQualityGroup.PQGroup_1</enable_option>
                <enable_option>PrintQualityGroup.PQGroup_2</enable_option>
                <enable_option>PrintQualityGroup.PQGroup_4</enable_option>
                  <switch>
                      <name>HPMaxDpi</name>
                      <case>
                          <name>False</name>
                          <hide_option>PrintQualityGroup.PQGroup_5</hide_option>
                      </case>
                      <case>
                          <name>True</name>
                          <enable_option>PrintQualityGroup.PQGroup_5</enable_option>
                      </case>
                  </switch>
                <select_option>PrintQualityGroup.PQGroup_1</select_option>
              </case>
              <case>
                <name>HP_PHOTO_CARD</name>
                <enable_option>PrintQualityGroup.PQGroup_1</enable_option>
                <enable_option>PrintQualityGroup.PQGroup_2</enable_option>
                 <enable_option>PrintQualityGroup.PQGroup_4</enable_option>
                  <switch>
                      <name>HPMaxDpi</name>
                      <case>
                          <name>False</name>
                          <hide_option>PrintQualityGroup.PQGroup_5</hide_option>
                      </case>
                      <case>
                          <name>True</name>
                          <enable_option>PrintQualityGroup.PQGroup_5</enable_option>
                      </case>
                  </switch>
                <select_option>PrintQualityGroup.PQGroup_1</select_option>
              </case>
              <case_default>
                <enable_option>PrintQualityGroup.PQGroup_1</enable_option>
                <enable_option>PrintQualityGroup.PQGroup_2</enable_option>
                <enable_option>PrintQualityGroup.PQGroup_4</enable_option>
                  <switch>
                      <name>HPMaxDpi</name>
                      <case>
                          <name>False</name>
                          <hide_option>PrintQualityGroup.PQGroup_5</hide_option>
                      </case>
                      <case>
                          <name>True</name>
                          <enable_option>PrintQualityGroup.PQGroup_5</enable_option>
                      </case>
                  </switch>
                <select_option>PrintQualityGroup.PQGroup_1</select_option>
             </case_default>
                  </switch>
                  <!-- ========================================= -->
                  <!-- Second macro statement                    -->
                  <!-- invokes the Print Quality macro           -->
                  <!-- to make selections to Resolution etc      -->
                  <!-- ========================================= -->
                  <call>macro_PrintQualityGroup</call>
               </macro>
               <!-- ========================================= -->
               <!--                 Print Quality             -->
               <!--                                           -->
               <!-- Print Quality macro can be invoked either -->
               <!-- 1. by the Media Type macro, or            -->
               <!-- 2. when the user explicitly selects a PQ  -->
               <!--    setting from the Print Quality control -->
               <!-- ========================================= -->
               <macro>
                  <name>macro_PQ_PhotoFix</name>
                      <switch>
                     <name>PrintQualityGroup</name>     
                         <case>
                        <name>PQGroup_1</name>
                       <select_option>PrintQuality.Best</select_option>
                        <select_option>HPPhotoFix.BASIC</select_option>
                        <resource_id>3996</resource_id>
                        <resource_id>3996</resource_id>
                        <resource_id>968</resource_id>
                     </case>
               
                   <case>
                        <name>PQGroup_2</name>
                        
                        <select_option>PrintQuality.Normal</select_option>
                        <select_option>HPPhotoFix.BASIC</select_option>                        
                        <resource_id>3996</resource_id>
                        <resource_id>3996</resource_id>
                        <resource_id>968</resource_id>                        
                     </case>
                     
                     <case>
                        <name>PQGroup_5</name>
                        <select_option>PrintQuality.4800x1200</select_option>
                        <select_option>HPPhotoFix.BASIC</select_option> 
                        <resource_id>3997</resource_id>
                        <resource_id>3997</resource_id>
                        <resource_id>3434</resource_id>
                     </case>
                  </switch>
                  <call>macro_HPPhotoFix</call> 
                  </macro>
               <macro>
                  <name>macro_PrintQualityGroup</name>
                  <switch>
                     <name>PrintQualityGroup</name>
                     <case>
                        <name>PQGroup_1</name>
                        <select_option>Resolution.600dpi</select_option>
                        <select_option>PrintQuality.Best</select_option>
                        <resource_id>3996</resource_id>
                        <resource_id>3996</resource_id>
                        <resource_id>968</resource_id>
                        
                     </case>
                     <case>
                        <name>PQGroup_2</name>
                        <select_option>Resolution.600dpi</select_option>
                        <select_option>PrintQuality.Normal</select_option>
                        <resource_id>3996</resource_id>
                        <resource_id>3996</resource_id>
                        <resource_id>968</resource_id>
                        
                     </case>
                     <case>
                        <name>PQGroup_5</name>
                        <select_option>Resolution.1200dpi</select_option>
                        <select_option>PrintQuality.4800x1200</select_option>
                        <resource_id>3997</resource_id>
                        <resource_id>3997</resource_id>
                        <resource_id>3434</resource_id>
                        
                     </case>
                  </switch>
               </macro>
               <macro>
                  <name>macro_PrintQualityGroupPhotoFix</name>
                  <switch>
                     <name>PrintQualityGroup</name>
                     <case>
                        <name>PQGroup_1</name>
                        <select_option>Resolution.600dpi</select_option>
                        <select_option>PrintQuality.Best</select_option>
                        <resource_id>3996</resource_id>
                        <resource_id>3996</resource_id>
                        <resource_id>968</resource_id>
                     </case>
                     <case>
                        <name>PQGroup_2</name>
                        <select_option>Resolution.600dpi</select_option>
                        <select_option>PrintQuality.Normal</select_option>
                        <resource_id>3996</resource_id>
                        <resource_id>3996</resource_id>
                        <resource_id>968</resource_id>
                     </case>
                    
                     <case>
                        <name>PQGroup_5</name>
                        <select_option>Resolution.1200dpi</select_option>
                        <select_option>PrintQuality.4800x1200</select_option>
                        <resource_id>3997</resource_id>
                        <resource_id>3997</resource_id>
                        <resource_id>3434</resource_id>
                     </case>
                  </switch>
                </macro>

               <!-- ========================================= -->
               <!--    Print Quality Import                   -->
               <!--   Mapping is as follows                   -->
               <!--   (a) Best         - PQGroup_1            -->
               <!--   (b) Normal       - PQGroup_2            -->
               <!--   (c) FastDraft         - PQGroup_3            -->
               <!--   (d) FastNormal   - PQGroup_4            -->
               <!--   (e) HighResMode  - PQGroup_5            -->
               <!-- Print Quality options have single level   -->
               <!-- association only                          -->
               <!-- ========================================= -->
               <macro>
                  <name>macro_PrintQualityImport</name>
                  <switch>
                     <name>PrintQualityImport</name>
                     <case>
                        <name>Best</name>
                        <map_option>PQGroup_1</map_option>
                     </case>
                     <case>
                        <name>Normal</name>
                        <map_option>PQGroup_2</map_option>
                     </case>
                     
                     <case>
                        <name>4800x1200</name>
                        <map_option>PQGroup_5</map_option>
                     </case>
                  </switch>
                  <call>macro_PrintQualityGroup</call>
               </macro>
               <!-- ========================================= -->
               <!--    Print Quality Export                   -->
               <!--   Mapping is as follows                   -->
               <!--   (a) Best         - PQGroup_1            -->
               <!--   (b) Normal       - PQGroup_2            -->
               <!--   (c) FastDraft         - PQGroup_3            -->
               <!--   (d) FastNormal   - PQGroup_4            -->
               <!--   (e) HighResMode  - PQGroup_5            -->
               <!-- Print Quality options have single level   -->
               <!-- association only                          -->
               <!-- ========================================= -->
               <macro>
                  <name>macro_PrintQualityExport</name>
                  <switch>
                     <name>PrintQualityExport</name>
                     <case>
                        <name>PQGroup_1</name>
                        <unmap_option>Best</unmap_option>
                     </case>
                     <case>
                        <name>PQGroup_2</name>
                        <unmap_option>Normal</unmap_option>
                     </case>
                    
                     <case>
                        <name>PQGroup_5</name>
                        <unmap_option>4800x1200</unmap_option>
                     </case>
                  </switch>
               </macro>
              <macro>
                  <name>macro_HPPhotoFix</name>
                         <switch>
                            <name>HPPhotoFix</name>
                                <case>
                                    <name>OFF</name>
                                    
                                    <select_option>HPSmartFocus.Off</select_option>
                                    <select_option>HPContrast.On</select_option>
                                    <select_option>HPDigitalFlash.On</select_option>
                                    <select_option>HPSharpness.On</select_option>
                                    <select_option>HPSmoothing.On</select_option>
                                </case>
                                <case>
                                    <name>BASIC</name>
                                    
                                    <select_option>HPSmartFocus.On</select_option>
                                    <select_option>HPContrast.On</select_option>
                                    <select_option>HPDigitalFlash.On</select_option>
                                    <select_option>HPSharpness.Low</select_option>
                                    <select_option>HPSmoothing.On</select_option>
                                </case>
                                <case>
                                    <name>FULL</name>
                                    
                                    <select_option>HPSmartFocus.On</select_option>
                                    <select_option>HPContrast.Off</select_option>
                                    <select_option>HPDigitalFlash.Off</select_option>
                                    <select_option>HPSharpness.Off</select_option>
                                    <select_option>HPSmoothing.On</select_option>
                                </case>
                    </switch>
         </macro>
                <macro>
                    <name>macro_pop_up_HPMaxDpi</name>
                    <title>6664</title>
                    <string_id>6665</string_id>
                    <checkbox_present>TRUE</checkbox_present>
                    <butt1>6420</butt1>
                    <showpopup>MODAL_DLG</showpopup>
                </macro>

              <macro>
                <name>macro_pop_up_4800_1200_warning</name>
                <title>3434</title>
                <string_id>5328</string_id>
                <checkbox_present>TRUE</checkbox_present>
                <butt1>6420</butt1>
                <showpopup>MODAL_DLG</showpopup>
              </macro>

              <macro>
                <name>macro_pop_up_CustomPaper</name>
                <title>876</title>
                <icon>MB_ICONWARNING</icon>
                <string_id>4254</string_id>
                <message_type>MB_OK</message_type>
                <showpopup>MSG_BOX</showpopup>
                       </macro>


                     </macros>
            <presets>
               <presetenglish>
                    <name>Default Print Settings</name> 
                    <resource_id>3041</resource_id> 
                    <setting>PaperSize.HP_BORDERLESS_PHOTO_4_X_6_IN</setting>
                    <setting>MediaType.HP_ADVANCED_PHOTO_PAPER</setting>
                    <setting>TargetSizeChoice.4_X_6_IN</setting>
                    <setting>HPBorderLessPhoto.True</setting>
                    <setting>PrintQualityGroup.PQGroup_1</setting> 
                    <setting>PrintQuality.Best</setting>
                  <setting>Resolution.600dpi</setting>
                </presetenglish>
                <presetjapanese>
                    <name>Default Print Settings</name> 
                    <resource_id>3041</resource_id> 
                    <setting>PaperSize.HP_BORDERLESS_PHOTO_10_X_15_CM</setting>
                    <setting>MediaType.HP_ADVANCED_PHOTO_PAPER</setting>
                    <setting>TargetSizeChoice.10_X_15</setting>
                    <setting>HPBorderLessPhoto.True</setting>
                    <setting>PrintQualityGroup.PQGroup_1</setting> 
                    <setting>PrintQuality.Best</setting>
                  <setting>Resolution.600dpi</setting>
                </presetjapanese>
            </presets>

            <!-- Start - Locale Specific Device Setting defaults =============== -->
            <DeviceSettings>
                <japanesesetting>
                    <setting>DuplexUnit.NotInstalled</setting>
                </japanesesetting>
                <englishsetting>    
                    <setting>DuplexUnit.NotInstalled</setting>
                </englishsetting>   
            </DeviceSettings>
            <!-- End =============== -->
             
 <groups>
          <group>
            <groupname>PaperType</groupname>
            <resource_id>3152</resource_id>
            <subgroup>
              <subgroupname>Plain Paper</subgroupname>
              <resource_id>3440</resource_id>
                <name>PLAIN</name>
            </subgroup>
            <subgroup>
              <subgroupname>Photo Paper</subgroupname>
              <resource_id>5775</resource_id>
              <name>HP_PREMIUM_PHOTO_PAPER</name>
              <name>HP_ADVANCED_PHOTO_PAPER</name>
              <name>HP_EVERYDAY_PHOTO_PAPER_SEMI_GLOSS</name>
              <name>HP_PHOTO_PAPER_GLOSSY</name>
              <name>OTHER_PHOTO_PAPER</name>
            </subgroup>
            
            <subgroup>
              <subgroupname>Special Paper</subgroupname>
              <resource_id>1002</resource_id>
              <name>HP_PHOTO_CARD</name>
            </subgroup>
            
            <subgroup>
              <subgroupname>Hagaki</subgroupname>
              <resource_id>5060</resource_id>
               <name>HP_PLAIN_HAGAKI</name>
               <name>HP_INKJET_HAGAKI</name>
               <name>HP_PHOTO_HAGAKI</name>         
            </subgroup>
               
          
     </group>



  <group>
            <groupname>PaperSize</groupname>             
            
            <subgroup>
              <subgroupname>Borderless photo</subgroupname>
              <resource_id>5051</resource_id>
               <name type="Metric">HP_BORDERLESS_PHOTO_L</name>
               <name type="English">HP_BORDERLESS_3_5_X_5_IN</name>
               <name type="Metric">HP_BORDERLESS_HAGAKI_CARD_100x148</name>
               <name type="Metric">HP_BORDERLESS_PHOTO_10_X_15_CM</name>
               <name type="English">HP_BORDERLESS_PHOTO_4_X_6_IN</name>
               <name type="Metric">HP_BORDERLESS_PHOTO_10_X_15_CM_WT</name>
               <name type="English">HP_BORDERLESS_PHOTO_4_X_6_IN_WT</name> 
               <name type="Metric">HP_BORDERLESS_CARD_10_x_20_WT</name>
               <name type="English">HP_BORDERLESS_CARD_4_x_8_WT</name>   
               <name type="Metric">HP_BORDERLESS_PHOTO_A6</name>
            </subgroup>
 
            <subgroup>
              <subgroupname>Borderless panorama</subgroupname>
              <resource_id>5052</resource_id>
              <name type="Metric">HP_BORDERLESS_PHOTO_PANORAMA_10x30</name>
               <name type="English">HP_BORDERLESS_PHOTO_PANORAMA_4x12</name>
            </subgroup>
 
            <subgroup>
              <subgroupname>Photo sizes</subgroupname>
              <resource_id>5053</resource_id>
              <name type="Metric">L_89x127</name>
              <name type="English">3_5_X_5</name>
              <name type="Metric">HAGAKI_CARD</name> 
              <name type="Metric">10_X_15</name> 
              <name type="Metric">10_X_15_CM_WT</name>
              <name type="English">4_X_6_IN</name>
              <name type="English">4_X_6_IN_WT</name>
              <name type="Metric">PHOTO_CARD_10_x_20_WT</name>
              <name type="English">PHOTO_4X8_IN_TAB</name>
              <name type="Metric">A6</name> 
             
            </subgroup>
 
            <subgroup>
              <subgroupname>Panorama sizes</subgroupname>
              <resource_id>5054</resource_id>
              <name type="Metric">HP_PANORAMA_10_x_30</name> 
              <name type="English">HP_PANORAMA_4x12_IN</name>
            </subgroup>
 
            <subgroup>
              <subgroupname>Index cards</subgroupname>
              <resource_id>5056</resource_id>
              <name type="English">INDEX_CARD_4X6</name>              
            </subgroup>        
           </group>
        </groups>

 
  <DocUISettings>

    

    <DocSetting>
      <name>Photo Printing Borderless</name>
      <resource_id>4274</resource_id>            
      <bitmap_id>292</bitmap_id>
      <custbitmap_id>308</custbitmap_id>

      <DocFeature>
          <name>PaperSize</name>
          <resource_id>6190</resource_id>
          <help_id>15691</help_id>
          
          
          <!-- Locale Specific paper size defaults =============== -->
          <!-- US - 1, Portugal - 351, Japan - 81  -->          
          <switch>
              <name>LocaleID</name>
              <case>
                  <name>1</name>
                  <select_option>HP_BORDERLESS_PHOTO_4_X_6_IN</select_option>
              </case>
              <case>
                  <name>351</name>
                  <select_option>HP_BORDERLESS_PHOTO_10_X_15_CM</select_option>
              </case>
              <case>
                  <name>81</name>
                  <select_option>HP_BORDERLESS_PHOTO_L</select_option>
              </case>
              <case_default>
                  <select_option>HP_BORDERLESS_PHOTO_10_X_15_CM</select_option>
              </case_default>
          </switch>
          
           <DocOption>
            <name>HP_BORDERLESS_PHOTO_L</name>
            <bitmap_id>306</bitmap_id>
          </DocOption>
          <DocOption>
            <name>HP_BORDERLESS_3_5_X_5_IN</name>
            <bitmap_id>306</bitmap_id>
          </DocOption>
          <DocOption>
            <name>HP_BORDERLESS_HAGAKI_CARD_100x148</name>
            <bitmap_id>306</bitmap_id>
          </DocOption>
          <DocOption>
            <name>HP_BORDERLESS_PHOTO_10_X_15_CM</name>
            <bitmap_id>306</bitmap_id>
          </DocOption>
                          
          <DocOption>
            <name>HP_BORDERLESS_PHOTO_4_X_6_IN</name>
            <bitmap_id>306</bitmap_id>
          </DocOption>
          
          <DocOption>
            <name>HP_BORDERLESS_PHOTO_10_X_15_CM_WT</name>
            <bitmap_id>306</bitmap_id>
          </DocOption>

          <DocOption>
            <name>HP_BORDERLESS_PHOTO_4_X_6_IN_WT</name>
            <bitmap_id>306</bitmap_id>
          </DocOption>
          
          <DocOption>
            <name>HP_BORDERLESS_CARD_10_x_20_WT</name>
            <bitmap_id>306</bitmap_id>
          </DocOption>
          <DocOption>
            <name>HP_BORDERLESS_CARD_4_x_8_WT</name>
            <bitmap_id>306</bitmap_id>
          </DocOption>
          <DocOption>
            <name>HP_BORDERLESS_PHOTO_A6</name>
            <bitmap_id>306</bitmap_id>
          </DocOption>
        <DocOption>
            <name>HP_BORDERLESS_PHOTO_PANORAMA_10x30</name>
            <bitmap_id>306</bitmap_id>
          </DocOption>
          <DocOption>
            <name>HP_BORDERLESS_PHOTO_PANORAMA_4x12</name>
            <bitmap_id>306</bitmap_id>
          </DocOption>
          
     </DocFeature>     

      <DocFeature>
          <name>MediaType</name>
          <resource_id>6191</resource_id>
          <help_id>15483</help_id>
          <select_option>HP_ADVANCED_PHOTO_PAPER</select_option>

          <DocOption>
             <name>HP_PREMIUM_PHOTO_PAPER</name>
             <bitmap_id>301</bitmap_id>
          </DocOption>
          <DocOption>
             <name>HP_ADVANCED_PHOTO_PAPER</name>
             <bitmap_id>301</bitmap_id>
          </DocOption>
          

          <DocOption>
             <name>HP_PHOTO_PAPER_GLOSSY</name>
             <bitmap_id>301</bitmap_id>
          </DocOption>
        
          
          <DocOption>
             <name>HP_EVERYDAY_PHOTO_PAPER_SEMI_GLOSS</name>
             <bitmap_id>301</bitmap_id>
          </DocOption>
          
          <DocOption>
             <name>OTHER_PHOTO_PAPER</name>
             <bitmap_id>301</bitmap_id>
          </DocOption>

          <DocOption>
             <name>HP_PHOTO_CARD</name>
             <bitmap_id>301</bitmap_id>
          </DocOption>
          <DocOption>
             <name>HP_PLAIN_HAGAKI</name>
             <bitmap_id>301</bitmap_id>
          </DocOption>
          <DocOption>
             <name>HP_INKJET_HAGAKI</name>
             <bitmap_id>301</bitmap_id>
          </DocOption>
          <DocOption>
             <name>HP_PHOTO_HAGAKI</name>
             <bitmap_id>301</bitmap_id>
          </DocOption>


      </DocFeature>
      
      <DocFeature>
          <name>PrintQuality</name>
          <resource_id>6195</resource_id>
          <help_id>15694</help_id>
          <select_option>Best</select_option>
          
          <DocOption>
            <name>Normal</name>
            <bitmap_id>292</bitmap_id>
          </DocOption>
          <DocOption>
            <name>Best</name>
            <bitmap_id>290</bitmap_id>
          </DocOption>
              

      </DocFeature>


       <DocFeature>
        <name>HPInputColorSpace</name>
        <resource_id>5194</resource_id>
        <help_id>15641</help_id>
        <select_option>COLORSMART</select_option>

        <DocOption>
            <name>COLORSMART</name>
            <bitmap_id>292</bitmap_id>
        </DocOption>
        <DocOption>
            <name>ADOBERGB</name>
            <bitmap_id>292</bitmap_id>
        </DocOption>
    </DocFeature> 

      <DocFeature>
          <name>Orientation</name>
          <resource_id>6244</resource_id>
          <help_id>15479</help_id>
          <select_option>PORTRAIT</select_option>

           <DocOption>
             <name>PORTRAIT</name>
             <bitmap_id>310</bitmap_id>
          </DocOption>
           <DocOption>
             <name>LANDSCAPE_CC270</name>
             <bitmap_id>312</bitmap_id>
          </DocOption>
           
          
      </DocFeature>

      <DocFeature>

         <name>HPPhotoFix</name>
         <resource_id>6540</resource_id>
         <help_id>15637</help_id>
         <select_option>BASIC</select_option>
  
          <DocOption>
          <name>OFF</name>
          <bitmap_id>359</bitmap_id>
          </DocOption>

          <DocOption>
         <name>BASIC</name>
         <bitmap_id>361</bitmap_id>
          </DocOption>  
          
          <DocOption>
            <name>FULL</name>
            <bitmap_id>361</bitmap_id>
          </DocOption>               
          
      </DocFeature>

    <DocFeature>

      <name>HPRedEyeReduction</name>
      <resource_id>6389</resource_id>
      <help_id>15437</help_id>
      <select_option>Off</select_option>
      
    <DocOption>
        <name>Off</name>
        <bitmap_id>1117</bitmap_id>
      </DocOption>

      <DocOption>
        <name>On</name>
        <bitmap_id>361</bitmap_id>
      </DocOption>


    </DocFeature>


    </DocSetting>

<DocSetting>
      <name>Photo Printing-with white borders</name>
      <resource_id>4275</resource_id>            
      <bitmap_id>291</bitmap_id>
      <custbitmap_id>307</custbitmap_id>

     <DocFeature>
          <name>PaperSize</name>
          <resource_id>6190</resource_id>
          <help_id>15691</help_id>
          <!-- Locale Specific paper size defaults =============== -->
          <!-- US - 1, Portugal - 351, Japan - 81  -->          
          <switch>
              <name>LocaleID</name>
              <case>
                  <name>1</name>
                  <select_option>4_X_6_IN</select_option>
              </case>
              <case>
                  <name>351</name>
                  <select_option>10_X_15</select_option>
              </case>
              <case>
                  <name>81</name>
                  <select_option>L_89x127</select_option>
              </case>
              <case_default>
                  <select_option>10_X_15</select_option>
              </case_default>
          </switch>
          
          <DocOption>
            <name>L_89x127</name>
            <bitmap_id>306</bitmap_id>
          </DocOption>
          <DocOption>
            <name>3_5_X_5</name>
            <bitmap_id>306</bitmap_id>
          </DocOption>
          <DocOption>
            <name>HAGAKI_CARD</name>
            <bitmap_id>306</bitmap_id>
          </DocOption>
          <DocOption>
            <name>10_X_15</name>
            <bitmap_id>306</bitmap_id>
          </DocOption>
          <DocOption>
            <name>4_X_6_IN</name>
            <bitmap_id>306</bitmap_id>
          </DocOption>
          <DocOption>
            <name>10_X_15_CM_WT</name>
            <bitmap_id>306</bitmap_id>
          </DocOption>
          <DocOption>
            <name>4_X_6_IN_WT</name>
            <bitmap_id>306</bitmap_id>
          </DocOption>
          <DocOption>
            <name>PHOTO_CARD_10_x_20_WT</name>
            <bitmap_id>306</bitmap_id>
          </DocOption>
          <DocOption>
            <name>PHOTO_4X8_IN_TAB</name>
            <bitmap_id>306</bitmap_id>
          </DocOption>
          
          <DocOption>
            <name>A6</name>
            <bitmap_id>306</bitmap_id>
          </DocOption>
       


       <DocOption>
            <name>HP_PANORAMA_10_x_30</name>
            <bitmap_id>306</bitmap_id>
          </DocOption>
          <DocOption>
            <name>HP_PANORAMA_4x12_IN</name>
            <bitmap_id>306</bitmap_id>
          </DocOption>
          <DocOption>
            <name>INDEX_CARD_4X6</name>
            <bitmap_id>306</bitmap_id>
          </DocOption>
                           
      </DocFeature>      

      <DocFeature>
          <name>MediaType</name>
          <resource_id>6191</resource_id>
          <help_id>15483</help_id>
          <select_option>HP_ADVANCED_PHOTO_PAPER</select_option>

          <DocOption>
             <name>HP_PREMIUM_PHOTO_PAPER</name>
             <bitmap_id>301</bitmap_id>
          </DocOption>

          <DocOption>
             <name>HP_ADVANCED_PHOTO_PAPER</name>
             <bitmap_id>301</bitmap_id>
          </DocOption>
          

          <DocOption>
             <name>HP_PHOTO_PAPER_GLOSSY</name>
             <bitmap_id>301</bitmap_id>
          </DocOption>
        
          <DocOption>
             <name>HP_EVERYDAY_PHOTO_PAPER_SEMI_GLOSS</name>
             <bitmap_id>301</bitmap_id>
          </DocOption>

          <DocOption>
             <name>OTHER_PHOTO_PAPER</name>
             <bitmap_id>301</bitmap_id>
          </DocOption>

          <DocOption>
             <name>HP_PHOTO_CARD</name>
             <bitmap_id>301</bitmap_id>
          </DocOption>
          <DocOption>
             <name>HP_PLAIN_HAGAKI</name>
             <bitmap_id>301</bitmap_id>
          </DocOption>
          <DocOption>
             <name>HP_INKJET_HAGAKI</name>
             <bitmap_id>301</bitmap_id>
          </DocOption>
          <DocOption>
             <name>HP_PHOTO_HAGAKI</name>
             <bitmap_id>301</bitmap_id>
          </DocOption>


         </DocFeature>
         
         <DocFeature>
          <name>PrintQuality</name>
          <resource_id>6195</resource_id>
          <help_id>15694</help_id>
          <select_option>Best</select_option>
          
        
          <DocOption>
            <name>Normal</name>
            <bitmap_id>292</bitmap_id>
          </DocOption>
          <DocOption>
            <name>Best</name>
            <bitmap_id>290</bitmap_id>
          </DocOption>

      </DocFeature>

       
   
        <DocFeature>
        <name>HPInputColorSpace</name>
        <resource_id>5194</resource_id>
        <help_id>15641</help_id>
        <select_option>COLORSMART</select_option>

        <DocOption>
            <name>COLORSMART</name>
            <bitmap_id>292</bitmap_id>
        </DocOption>
        <DocOption>
            <name>ADOBERGB</name>
            <bitmap_id>292</bitmap_id>
        </DocOption>
    </DocFeature> 
      <DocFeature>
          <name>Orientation</name>
          <resource_id>6244</resource_id>
          <help_id>15479</help_id>
          <select_option>PORTRAIT</select_option>

          <DocOption>
             <name>PORTRAIT</name>
             <bitmap_id>310</bitmap_id>
          </DocOption>
          <DocOption>
             <name>LANDSCAPE_CC270</name>
             <bitmap_id>312</bitmap_id>
          </DocOption>
          
          
      </DocFeature>
      
      <DocFeature>

         <name>HPPhotoFix</name>
         <resource_id>6540</resource_id>
         <help_id>15637</help_id>
         <select_option>BASIC</select_option>
  
          <DocOption>
          <name>OFF</name>
          <bitmap_id>359</bitmap_id>
          </DocOption>

          <DocOption>
         <name>BASIC</name>
         <bitmap_id>361</bitmap_id>
          </DocOption> 
          
          <DocOption>
            <name>FULL</name>
            <bitmap_id>361</bitmap_id>
          </DocOption>
               
          
      </DocFeature>   

    <DocFeature>

      <name>HPRedEyeReduction</name>
      <resource_id>6389</resource_id>
      <help_id>15437</help_id>
      <select_option>Off</select_option>
      
      
    <DocOption>
        <name>Off</name>
        <bitmap_id>1117</bitmap_id>
      </DocOption>

      <DocOption>
        <name>On</name>
        <bitmap_id>361</bitmap_id>
      </DocOption>


    </DocFeature>   


                          
    </DocSetting>
      <DocSetting>
      <name>Postcard printing</name>
      <resource_id>4280</resource_id>            
      <bitmap_id>293</bitmap_id>
      <custbitmap_id>309</custbitmap_id>

        <!-- Locale Specific printing shortcut =============== -->
        <!-- US - 1, Portugal - 351, Japan - 81  -->
        <switch>
          <name>LocaleID</name>
          <case>
            <name>81</name>
            <disable>LocaleSupported</disable>
          </case>
          <case_default>
            <enable>LocaleSupported</enable>
          </case_default>
        </switch>
        
      <DocFeature>
          <name>PaperSize</name>
          <resource_id>6190</resource_id>
          <help_id>15691</help_id>          
          <!-- Locale Specific paper size defaults =============== -->
          <!-- US - 1, Portugal - 351, Japan - 81  -->          
          <switch>
              <name>LocaleID</name>
              <case>
                  <name>1</name>
                  <select_option>HP_BORDERLESS_PHOTO_4_X_6_IN</select_option>
              </case>
              <case>
                  <name>351</name>
                  <select_option>HP_BORDERLESS_PHOTO_10_X_15_CM</select_option>
              </case>
              <case>
                  <name>81</name>
                  <select_option>HP_BORDERLESS_PHOTO_L</select_option>
              </case>
              <case_default>
                  <select_option>HP_BORDERLESS_PHOTO_10_X_15_CM</select_option>
              </case_default>
          </switch>
          
          <DocOption>
            <name>HP_BORDERLESS_PHOTO_L</name>
            <bitmap_id>306</bitmap_id>
          </DocOption>
          <DocOption>
            <name>HP_BORDERLESS_3_5_X_5_IN</name>
            <bitmap_id>306</bitmap_id>
          </DocOption>
          <DocOption>
            <name>HP_BORDERLESS_HAGAKI_CARD_100x148</name>
            <bitmap_id>306</bitmap_id>
          </DocOption>
          <DocOption>
            <name>HP_BORDERLESS_PHOTO_10_X_15_CM</name>
            <bitmap_id>306</bitmap_id>
          </DocOption>
          <DocOption>
            <name>HP_BORDERLESS_PHOTO_4_X_6_IN</name>
            <bitmap_id>306</bitmap_id>
          </DocOption>
          <DocOption>
            <name>HP_BORDERLESS_PHOTO_10_X_15_CM_WT</name>
            <bitmap_id>306</bitmap_id>
          </DocOption>
          <DocOption>
            <name>HP_BORDERLESS_PHOTO_4_X_6_IN_WT</name>
            <bitmap_id>306</bitmap_id>
          </DocOption>
          <DocOption>
            <name>HP_BORDERLESS_CARD_10_x_20_WT</name>
            <bitmap_id>306</bitmap_id>
          </DocOption>
          <DocOption>
            <name>HP_BORDERLESS_CARD_4_x_8_WT</name>
            <bitmap_id>306</bitmap_id>
          </DocOption>
          <DocOption>
            <name>HP_BORDERLESS_PHOTO_A6</name>
            <bitmap_id>306</bitmap_id>
          </DocOption>
        
          <DocOption>
            <name>HP_BORDERLESS_PHOTO_PANORAMA_10x30</name>
            <bitmap_id>306</bitmap_id>
          </DocOption>
          <DocOption>
            <name>HP_BORDERLESS_PHOTO_PANORAMA_4x12</name>
            <bitmap_id>306</bitmap_id>
          </DocOption>
          
                  
     </DocFeature>   

      <DocFeature>
          <name>MediaType</name>
          <resource_id>6191</resource_id>
          <help_id>15483</help_id>
          <select_option>HP_ADVANCED_PHOTO_PAPER</select_option>

           <DocOption>
             <name>PLAIN</name>
             <bitmap_id>299</bitmap_id>
          </DocOption>          
          <DocOption>
             <name>HP_PREMIUM_PHOTO_PAPER</name>
             <bitmap_id>301</bitmap_id>
          </DocOption>    
           <DocOption>
             <name>HP_ADVANCED_PHOTO_PAPER</name>
             <bitmap_id>301</bitmap_id>
          </DocOption>
           

          <DocOption>
             <name>HP_PHOTO_PAPER_GLOSSY</name>
             <bitmap_id>301</bitmap_id>
          </DocOption>
        
          

          <DocOption>
             <name>HP_EVERYDAY_PHOTO_PAPER_SEMI_GLOSS</name>
             <bitmap_id>301</bitmap_id>
          </DocOption>

          <DocOption>
             <name>OTHER_PHOTO_PAPER</name>
             <bitmap_id>301</bitmap_id>
          </DocOption>

          <DocOption>
             <name>HP_PHOTO_CARD</name>
             <bitmap_id>301</bitmap_id>
          </DocOption>

      </DocFeature>
      <DocFeature>
          <name>PrintQuality</name>
          <resource_id>6195</resource_id>
          <help_id>15694</help_id>
          <select_option>Normal</select_option>           
           <DocOption>
            <name>Normal</name>
            <bitmap_id>292</bitmap_id>
          </DocOption>
          <DocOption>
            <name>Best</name>
            <bitmap_id>290</bitmap_id>
          </DocOption>  
      </DocFeature>

        
      
   
       <DocFeature>
        <name>HPInputColorSpace</name>
        <resource_id>5194</resource_id>
        <help_id>15641</help_id>
        <select_option>COLORSMART</select_option>

        <DocOption>
            <name>COLORSMART</name>
            <bitmap_id>292</bitmap_id>
        </DocOption>
        <DocOption>
            <name>ADOBERGB</name>
            <bitmap_id>292</bitmap_id>
        </DocOption>
    </DocFeature> 
            
      <DocFeature>
          <name>Orientation</name>
          <resource_id>6244</resource_id>
          <help_id>15479</help_id>
          <select_option>PORTRAIT</select_option>

        <DocOption>
             <name>PORTRAIT</name>
             <bitmap_id>310</bitmap_id>
          </DocOption>
        <DocOption>
             <name>LANDSCAPE_CC270</name>
             <bitmap_id>312</bitmap_id>
          </DocOption>
        
          

      </DocFeature>

     

    </DocSetting>

    <DocSetting>
      <name>Hagaki Printing</name>
      <resource_id>4279</resource_id>            
     <bitmap_id>290</bitmap_id>
    <custbitmap_id>306</custbitmap_id>
      <!-- Locale Specific printint shortcut =============== -->
      <!-- US - 1, Portugal - 351, Japan - 81  -->
      <switch>
        <name>LocaleID</name>
        <case>
          <name>81</name>
          <enable>LocaleSupported</enable>
        </case>
        <case_default>
          <disable>LocaleSupported</disable>
        </case_default>
      </switch>
      
      
        <DocFeature>
          <name>PaperSize</name>
          <resource_id>6190</resource_id>
          <help_id>15691</help_id>          
          <select_option>HAGAKI_CARD</select_option>

          <DocOption>
            <name>HP_BORDERLESS_HAGAKI_CARD_100x148</name>
            <bitmap_id>306</bitmap_id>
          </DocOption>
          <DocOption>
            <name>HAGAKI_CARD</name>
            <bitmap_id>306</bitmap_id>
          </DocOption>
         </DocFeature>  
      <DocFeature>
          <name>MediaType</name>
          <resource_id>6191</resource_id>
          <help_id>15483</help_id>
          <select_option>HP_INKJET_HAGAKI</select_option>

          <DocOption>
             <name>HP_PLAIN_HAGAKI</name>
             <bitmap_id>301</bitmap_id>
          </DocOption>
          <DocOption>
             <name>HP_INKJET_HAGAKI</name>
             <bitmap_id>301</bitmap_id>
          </DocOption>
          <DocOption>
             <name>HP_PHOTO_HAGAKI</name>
             <bitmap_id>301</bitmap_id>
          </DocOption>
         </DocFeature>
         
          <DocFeature>
          <name>PrintQuality</name>
          <resource_id>6195</resource_id>
          <help_id>15694</help_id>
          <select_option>Normal</select_option>
          <DocOption>
            <name>Normal</name>
            <bitmap_id>292</bitmap_id>
          </DocOption>
          <DocOption>
            <name>Best</name>
            <bitmap_id>290</bitmap_id>
          </DocOption> 
      </DocFeature>
      

   
    <DocFeature>
        <name>HPInputColorSpace</name>
        <resource_id>5194</resource_id>
        <help_id>15641</help_id>
        <select_option>COLORSMART</select_option>

        <DocOption>
            <name>COLORSMART</name>
            <bitmap_id>292</bitmap_id>
        </DocOption>
        <DocOption>
            <name>ADOBERGB</name>
            <bitmap_id>292</bitmap_id>
        </DocOption>
    </DocFeature> 
     
     <DocFeature>
          <name>Orientation</name>
          <resource_id>6244</resource_id>
          <help_id>15479</help_id>
          <select_option>PORTRAIT</select_option>

        
          <DocOption>
             <name>PORTRAIT</name>
             <bitmap_id>310</bitmap_id>
          </DocOption>
          <DocOption>
             <name>LANDSCAPE_CC270</name>
             <bitmap_id>312</bitmap_id>
          </DocOption>
      </DocFeature> 

      
    
    </DocSetting>
    <DocSetting>
      <name>Factory Defaults</name>
      <resource_id>5997</resource_id>
      <bitmap_id>325</bitmap_id>
      <custbitmap_id>326</custbitmap_id>

      <DocFeature>
        <name>PaperSize</name>
        <resource_id>6190</resource_id>
        <help_id>15481</help_id>
        <!-- Locale Specific paper size defaults =============== -->
        <!-- US - 1, Portugal - 351, Japan - 81  -->
        <switch>
          <name>LocaleID</name>
          <case>
            <name>1</name>
            <select_option>HP_BORDERLESS_PHOTO_4_X_6_IN</select_option>
          </case>
          <case>
            <name>81</name>
            <select_option>HP_BORDERLESS_PHOTO_L</select_option>
          </case>
          <case_default>
            <select_option>HP_BORDERLESS_PHOTO_10_X_15_CM</select_option>
          </case_default>
        </switch>
        <hidden>False</hidden>
        <Disabled>True</Disabled>


        <DocOption>
          <name>HP_BORDERLESS_PHOTO_L</name>
          <bitmap_id>306</bitmap_id>
        </DocOption>
        <DocOption>
          <name>HP_BORDERLESS_PHOTO_10_X_15_CM</name>
          <bitmap_id>306</bitmap_id>
        </DocOption>
        <DocOption>
          <name>HP_BORDERLESS_PHOTO_4_X_6_IN</name>
          <bitmap_id>306</bitmap_id>
        </DocOption>
      </DocFeature>

      <DocFeature>
        <name>MediaType</name>
        <resource_id>6191</resource_id>
        <help_id>15483</help_id>
        <select_option>HP_ADVANCED_PHOTO_PAPER</select_option>
        <hidden>False</hidden>
        <Disabled>True</Disabled>

        <DocOption>
          <name>HP_ADVANCED_PHOTO_PAPER</name>
          <bitmap_id>301</bitmap_id>
        </DocOption>
      </DocFeature>


      <DocFeature>
        <name>PrintQuality</name>
        <resource_id>6195</resource_id>
        <help_id>15731</help_id>
        <select_option>Best</select_option>
        <hidden>False</hidden>
        <Disabled>True</Disabled>

        <DocOption>
          <name>Best</name>
          <bitmap_id>290</bitmap_id>
        </DocOption>
      </DocFeature>
      <DocFeature>
        <name>HPInputColorSpace</name>
        <resource_id>5194</resource_id>
        <help_id>15641</help_id>
        <select_option>COLORSMART</select_option>
        <hidden>False</hidden>  
        <Disabled>True</Disabled>  

        <DocOption>
            <name>COLORSMART</name>
            <bitmap_id>292</bitmap_id>
        </DocOption>
      </DocFeature> 

      <DocFeature>
        <name>Orientation</name>
        <resource_id>6244</resource_id>
        <help_id>15479</help_id>
        <select_option>PORTRAIT</select_option>
        <hidden>False</hidden>
        <Disabled>True</Disabled>
        <DocOption>
          <name>PORTRAIT</name>
          <bitmap_id>310</bitmap_id>
        </DocOption>
        <DocOption>
          <name>LANDSCAPE_CC270</name>
          <bitmap_id>312</bitmap_id>
        </DocOption>

      </DocFeature>
    </DocSetting>

      </DocUISettings>


      
      <BorderlessSettings>
                                      
        <Borderless>
               <Borderless_Paper>HP_BORDERLESS_PHOTO_4_X_6_IN</Borderless_Paper>
               <Paper>4_X_6_IN</Paper>
               <Overspray_Left>0.07</Overspray_Left>
               <Overspray_Right>0.05</Overspray_Right>
               <Overspray_Top>0.04</Overspray_Top>
               <Overspray_Bottom>0.067</Overspray_Bottom>
         </Borderless>
         <Borderless>
               <Borderless_Paper>HP_BORDERLESS_PHOTO_4_X_6_IN_WT</Borderless_Paper>
               <Paper>4_X_6_IN_WT</Paper>
               <Overspray_Left>0.07</Overspray_Left>
               <Overspray_Right>0.05</Overspray_Right>
               <Overspray_Top>0.04</Overspray_Top>
               <Overspray_Bottom>0.067</Overspray_Bottom>
         </Borderless>
         
         <Borderless>
               <Borderless_Paper>HP_BORDERLESS_PHOTO_10_X_15_CM</Borderless_Paper>
               <Paper>10_X_15</Paper>
               <Overspray_Left>0.07</Overspray_Left>
               <Overspray_Right>0.05</Overspray_Right>
               <Overspray_Top>0.04</Overspray_Top>
               <Overspray_Bottom>0.067</Overspray_Bottom>
         </Borderless>
         <Borderless>
               <Borderless_Paper>HP_BORDERLESS_PHOTO_10_X_15_CM_WT</Borderless_Paper>
               <Paper>10_X_15_CM_WT</Paper>
              <Overspray_Left>0.07</Overspray_Left>
               <Overspray_Right>0.05</Overspray_Right>
               <Overspray_Top>0.04</Overspray_Top>
               <Overspray_Bottom>0.067</Overspray_Bottom>
         </Borderless>
        
           
           
        <Borderless>
            <Borderless_Paper>HP_BORDERLESS_HAGAKI_CARD_100x148</Borderless_Paper>
            <Paper>HAGAKI_CARD</Paper>
            <Overspray_Left>0.05</Overspray_Left>
               <Overspray_Right>0.05</Overspray_Right>
               <Overspray_Top>0.04</Overspray_Top>
               <Overspray_Bottom>0.067</Overspray_Bottom>
         </Borderless>

 
     
         <Borderless>
            <Borderless_Paper>HP_BORDERLESS_PHOTO_L</Borderless_Paper>
            <Paper>L_89x127</Paper>
            <Overspray_Left>0.05</Overspray_Left>
               <Overspray_Right>0.05</Overspray_Right>
               <Overspray_Top>0.04</Overspray_Top>
               <Overspray_Bottom>0.067</Overspray_Bottom>
         </Borderless>
     
     <Borderless>
            <Borderless_Paper>HP_BORDERLESS_PHOTO_A6</Borderless_Paper>
            <Paper>A6</Paper>
            <Overspray_Left>0.05</Overspray_Left>
               <Overspray_Right>0.05</Overspray_Right>
               <Overspray_Top>0.04</Overspray_Top>
               <Overspray_Bottom>0.067</Overspray_Bottom>
         </Borderless>
       
         <Borderless>
            <Borderless_Paper>HP_BORDERLESS_PHOTO_PANORAMA_4x12</Borderless_Paper>
            <Paper>HP_PANORAMA_4x12_IN</Paper>
            <Overspray_Left>0.06</Overspray_Left>
               <Overspray_Right>0.07</Overspray_Right>
               <Overspray_Top>0.04</Overspray_Top>
               <Overspray_Bottom>0.076</Overspray_Bottom>
         </Borderless>

         <Borderless>
            <Borderless_Paper>HP_BORDERLESS_PHOTO_PANORAMA_10x30</Borderless_Paper>
               <Paper>HP_PANORAMA_10_x_30</Paper>
               <Overspray_Left>0.06</Overspray_Left>
               <Overspray_Right>0.07</Overspray_Right>
               <Overspray_Top>0.04</Overspray_Top>
               <Overspray_Bottom>0.076</Overspray_Bottom>
         </Borderless>
          <Borderless>
            <Borderless_Paper>HP_BORDERLESS_CARD_4_x_8_WT</Borderless_Paper>
                <Paper>PHOTO_4X8_IN_TAB</Paper>
               <Overspray_Left>0.05</Overspray_Left>
               <Overspray_Right>0.05</Overspray_Right>
               <Overspray_Top>0.04</Overspray_Top>
               <Overspray_Bottom>0.067</Overspray_Bottom>
         </Borderless>

         <Borderless>
            <Borderless_Paper>HP_BORDERLESS_CARD_10_x_20_WT</Borderless_Paper>
                 <Paper>PHOTO_CARD_10_x_20_WT</Paper>
               <Overspray_Left>0.05</Overspray_Left>
               <Overspray_Right>0.05</Overspray_Right>
               <Overspray_Top>0.04</Overspray_Top>
               <Overspray_Bottom>0.067</Overspray_Bottom>
         </Borderless>

         <Borderless>
               <Borderless_Paper>HP_BORDERLESS_3_5_X_5_IN</Borderless_Paper>
               <Paper>3_5_X_5</Paper>
               <Overspray_Left>0.05</Overspray_Left>
               <Overspray_Right>0.05</Overspray_Right>
               <Overspray_Top>0.04</Overspray_Top>
               <Overspray_Bottom>0.067</Overspray_Bottom>
         </Borderless>

      </BorderlessSettings>
       <JobUIEventInfo>
       
            <JobUIEvent>
                    <Name>JOBID_AUTODUPLEX_UNIT</Name>
                    <EntryPoint>E_STARTDOC</EntryPoint>
                    <FunctionPtr>pfnCheckAutoDuplexerUnit</FunctionPtr>
            </JobUIEvent>
            <JobUIEvent>
                    <Name>JOBID_ BLACKPRINT_PHOTOCARTRIDGE</Name>
                    <EntryPoint>E_NEXTBAND</EntryPoint>
                    <FunctionPtr>pfnCheckBlackPrintWithOnlyPhotoCartridge</FunctionPtr>
            </JobUIEvent>
            <JobUIEvent>
                    <Name>JOBID_ PHOTOMEDIA_BLACKCARTRIDGE</Name>
                    <EntryPoint>E_STARTDOC</EntryPoint>
                    <FunctionPtr>pfnCheckPhotoMediaWithOnlyBlackCartridge</FunctionPtr>
            </JobUIEvent>
            <JobUIEvent>
                    <Name>JOBID_ BORDERLESS_BLACKCARTRIDGE</Name>
                    <EntryPoint>E_STARTDOC</EntryPoint>
                    <FunctionPtr>pfnCheckBorderlessWithOnlyBlackCartridge</FunctionPtr>
            </JobUIEvent>
            
        </JobUIEventInfo>
   </helper>
  </component>
  </software>
</device>













